{"data": [{"county_name": "Total", "O'Halleran": 47083, "Putzova": 33248, "total": 80331}, {"county_name": "Apache", "O'Halleran": 7716, "Putzova": 2398, "total": 10114}, {"county_name": "Coconino", "O'Halleran": 9329, "Putzova": 10052, "total": 19381}, {"county_name": "Gila", "O'Halleran": 1359, "Putzova": 869, "total": 2228}, {"county_name": "Graham", "O'Halleran": 1079, "Putzova": 657, "total": 1736}, {"county_name": "Greenlee", "O'Halleran": 468, "Putzova": 248, "total": 716}, {"county_name": "Maricopa", "O'Halleran": 74, "Putzova": 72, "total": 146}, {"county_name": "Mohave", "O'Halleran": 31, "Putzova": 34, "total": 65}, {"county_name": "Navajo", "O'Halleran": 6987, "Putzova": 2784, "total": 9771}, {"county_name": "Pima", "O'Halleran": 8261, "Putzova": 7298, "total": 15559}, {"county_name": "Pinal", "O'Halleran": 9205, "Putzova": 6920, "total": 16125}, {"county_name": "Yavapai", "O'Halleran": 2574, "Putzova": 1916, "total": 4490}], "sources": "sos", "labels": {"Total": {"main": "nyt"}, "Apache": {"main": "sos"}, "Coconino": {"main": "sos"}, "Gila": {"main": "sos"}, "Graham": {"main": "sos"}, "Greenlee": {"main": "sos"}, "Maricopa": {"main": "sos"}, "Mohave": {"main": "sos"}, "Navajo": {"main": "sos"}, "Pima": {"main": "sos"}, "Pinal": {"main": "sos"}, "Yavapai": {"main": "sos"}}}