{"data": [{"county_name": "Total", "Masters": 0, "Lamon": 0, "Brnovich": 0, "total": 0}, {"county_name": "Apache", "Masters": 0, "Lamon": 0, "Brnovich": 0, "total": 0}, {"county_name": "Cochise", "Masters": 0, "Lamon": 0, "Brnovich": 0, "total": 0}, {"county_name": "Coconino", "Masters": 0, "Lamon": 0, "Brnovich": 0, "total": 0}, {"county_name": "Gila", "Masters": 0, "Lamon": 0, "Brnovich": 0, "total": 0}, {"county_name": "Graham", "Masters": 0, "Lamon": 0, "Brnovich": 0, "total": 0}, {"county_name": "Greenlee", "Masters": 0, "Lamon": 0, "Brnovich": 0, "total": 0}, {"county_name": "La Paz", "Masters": 0, "Lamon": 0, "Brnovich": 0, "total": 0}, {"county_name": "Maricopa", "Masters": 0, "Lamon": 0, "Brnovich": 0, "total": 0}, {"county_name": "Mohave", "Masters": 0, "Lamon": 0, "Brnovich": 0, "total": 0}, {"county_name": "Navajo", "Masters": 0, "Lamon": 0, "Brnovich": 0, "total": 0}, {"county_name": "Pima", "Masters": 0, "Lamon": 0, "Brnovich": 0, "total": 0}, {"county_name": "Pinal", "Masters": 0, "Lamon": 0, "Brnovich": 0, "total": 0}, {"county_name": "Santa Cruz", "Masters": 0, "Lamon": 0, "Brnovich": 0, "total": 0}, {"county_name": "Yavapai", "Masters": 0, "Lamon": 0, "Brnovich": 0, "total": 0}, {"county_name": "Yuma", "Masters": 0, "Lamon": 0, "Brnovich": 0, "total": 0}], "sources": "cnn", "labels": {"Total": {"main": "nyt"}, "Apache": {"main": "cnn"}, "Cochise": {"main": "cnn"}, "Coconino": {"main": "cnn"}, "Gila": {"main": "cnn"}, "Graham": {"main": "cnn"}, "Greenlee": {"main": "cnn"}, "La Paz": {"main": "cnn"}, "Maricopa": {"main": "cnn"}, "Mohave": {"main": "cnn"}, "Navajo": {"main": "cnn"}, "Pima": {"main": "cnn"}, "Pinal": {"main": "cnn"}, "Santa Cruz": {"main": "cnn"}, "Yavapai": {"main": "cnn"}, "Yuma": {"main": "cnn"}}}