{"data": [{"county_name": "Total", "Yes": 0, "No": 0, "total": 0, "min_turnout": 541320, "max_turnout": 541320}, {"county_name": "Allen", "Yes": 0, "No": 0, "total": 0, "min_turnout": 2506, "max_turnout": 2506}, {"county_name": "Anderson", "Yes": 0, "No": 0, "total": 0, "min_turnout": 1428, "max_turnout": 1428}, {"county_name": "Atchison", "Yes": 0, "No": 0, "total": 0, "min_turnout": 2666, "max_turnout": 2666}, {"county_name": "Barber", "Yes": 0, "No": 0, "total": 0, "min_turnout": 1148, "max_turnout": 1148}, {"county_name": "Barton", "Yes": 0, "No": 0, "total": 0, "min_turnout": 5069, "max_turnout": 5069}, {"county_name": "Bourbon", "Yes": 0, "No": 0, "total": 0, "min_turnout": 2570, "max_turnout": 2570}, {"county_name": "Brown", "Yes": 0, "No": 0, "total": 0, "min_turnout": 2167, "max_turnout": 2167}, {"county_name": "Butler", "Yes": 0, "No": 0, "total": 0, "min_turnout": 12617, "max_turnout": 12617}, {"county_name": "Chase", "Yes": 0, "No": 0, "total": 0, "min_turnout": 772, "max_turnout": 772}, {"county_name": "Chautauqua", "Yes": 0, "No": 0, "total": 0, "min_turnout": 752, "max_turnout": 752}, {"county_name": "Cherokee", "Yes": 0, "No": 0, "total": 0, "min_turnout": 3371, "max_turnout": 3371}, {"county_name": "Cheyenne", "Yes": 0, "No": 0, "total": 0, "min_turnout": 633, "max_turnout": 633}, {"county_name": "Clark", "Yes": 0, "No": 0, "total": 0, "min_turnout": 543, "max_turnout": 543}, {"county_name": "Clay", "Yes": 0, "No": 0, "total": 0, "min_turnout": 2421, "max_turnout": 2421}, {"county_name": "Cloud", "Yes": 0, "No": 0, "total": 0, "min_turnout": 1998, "max_turnout": 1998}, {"county_name": "Coffey", "Yes": 0, "No": 0, "total": 0, "min_turnout": 2141, "max_turnout": 2141}, {"county_name": "Comanche", "Yes": 0, "No": 0, "total": 0, "min_turnout": 478, "max_turnout": 478}, {"county_name": "Cowley", "Yes": 0, "No": 0, "total": 0, "min_turnout": 5766, "max_turnout": 5766}, {"county_name": "Crawford", "Yes": 0, "No": 0, "total": 0, "min_turnout": 6063, "max_turnout": 6063}, {"county_name": "Decatur", "Yes": 0, "No": 0, "total": 0, "min_turnout": 609, "max_turnout": 609}, {"county_name": "Dickinson", "Yes": 0, "No": 0, "total": 0, "min_turnout": 4365, "max_turnout": 4365}, {"county_name": "Doniphan", "Yes": 0, "No": 0, "total": 0, "min_turnout": 1688, "max_turnout": 1688}, {"county_name": "Douglas", "Yes": 0, "No": 0, "total": 0, "min_turnout": 22873, "max_turnout": 22873}, {"county_name": "Edwards", "Yes": 0, "No": 0, "total": 0, "min_turnout": 695, "max_turnout": 695}, {"county_name": "Elk", "Yes": 0, "No": 0, "total": 0, "min_turnout": 757, "max_turnout": 757}, {"county_name": "Ellis", "Yes": 0, "No": 0, "total": 0, "min_turnout": 5004, "max_turnout": 5004}, {"county_name": "Ellsworth", "Yes": 0, "No": 0, "total": 0, "min_turnout": 1592, "max_turnout": 1592}, {"county_name": "Finney", "Yes": 0, "No": 0, "total": 0, "min_turnout": 3528, "max_turnout": 3528}, {"county_name": "Ford", "Yes": 0, "No": 0, "total": 0, "min_turnout": 2699, "max_turnout": 2699}, {"county_name": "Franklin", "Yes": 0, "No": 0, "total": 0, "min_turnout": 5297, "max_turnout": 5297}, {"county_name": "Geary", "Yes": 0, "No": 0, "total": 0, "min_turnout": 2458, "max_turnout": 2458}, {"county_name": "Gove", "Yes": 0, "No": 0, "total": 0, "min_turnout": 729, "max_turnout": 729}, {"county_name": "Graham", "Yes": 0, "No": 0, "total": 0, "min_turnout": 606, "max_turnout": 606}, {"county_name": "Grant", "Yes": 0, "No": 0, "total": 0, "min_turnout": 1223, "max_turnout": 1223}, {"county_name": "Gray", "Yes": 0, "No": 0, "total": 0, "min_turnout": 957, "max_turnout": 957}, {"county_name": "Greeley", "Yes": 0, "No": 0, "total": 0, "min_turnout": 285, "max_turnout": 285}, {"county_name": "Greenwood", "Yes": 0, "No": 0, "total": 0, "min_turnout": 1547, "max_turnout": 1547}, {"county_name": "Hamilton", "Yes": 0, "No": 0, "total": 0, "min_turnout": 305, "max_turnout": 305}, {"county_name": "Harper", "Yes": 0, "No": 0, "total": 0, "min_turnout": 1118, "max_turnout": 1118}, {"county_name": "Harvey", "Yes": 0, "No": 0, "total": 0, "min_turnout": 7916, "max_turnout": 7916}, {"county_name": "Haskell", "Yes": 0, "No": 0, "total": 0, "min_turnout": 743, "max_turnout": 743}, {"county_name": "Hodgeman", "Yes": 0, "No": 0, "total": 0, "min_turnout": 494, "max_turnout": 494}, {"county_name": "Jackson", "Yes": 0, "No": 0, "total": 0, "min_turnout": 2981, "max_turnout": 2981}, {"county_name": "Jefferson", "Yes": 0, "No": 0, "total": 0, "min_turnout": 3965, "max_turnout": 3965}, {"county_name": "Jewell", "Yes": 0, "No": 0, "total": 0, "min_turnout": 603, "max_turnout": 603}, {"county_name": "Johnson", "Yes": 0, "No": 0, "total": 0, "min_turnout": 132863, "max_turnout": 132863}, {"county_name": "Kearny", "Yes": 0, "No": 0, "total": 0, "min_turnout": 633, "max_turnout": 633}, {"county_name": "Kingman", "Yes": 0, "No": 0, "total": 0, "min_turnout": 1813, "max_turnout": 1813}, {"county_name": "Kiowa", "Yes": 0, "No": 0, "total": 0, "min_turnout": 690, "max_turnout": 690}, {"county_name": "Labette", "Yes": 0, "No": 0, "total": 0, "min_turnout": 2962, "max_turnout": 2962}, {"county_name": "Lane", "Yes": 0, "No": 0, "total": 0, "min_turnout": 544, "max_turnout": 544}, {"county_name": "Leavenworth", "Yes": 0, "No": 0, "total": 0, "min_turnout": 12637, "max_turnout": 12637}, {"county_name": "Lincoln", "Yes": 0, "No": 0, "total": 0, "min_turnout": 905, "max_turnout": 905}, {"county_name": "Linn", "Yes": 0, "No": 0, "total": 0, "min_turnout": 2121, "max_turnout": 2121}, {"county_name": "Logan", "Yes": 0, "No": 0, "total": 0, "min_turnout": 801, "max_turnout": 801}, {"county_name": "Lyon", "Yes": 0, "No": 0, "total": 0, "min_turnout": 5574, "max_turnout": 5574}, {"county_name": "Marion", "Yes": 0, "No": 0, "total": 0, "min_turnout": 2345, "max_turnout": 2345}, {"county_name": "Marshall", "Yes": 0, "No": 0, "total": 0, "min_turnout": 6530, "max_turnout": 6530}, {"county_name": "McPherson", "Yes": 0, "No": 0, "total": 0, "min_turnout": 3062, "max_turnout": 3062}, {"county_name": "Meade", "Yes": 0, "No": 0, "total": 0, "min_turnout": 774, "max_turnout": 774}, {"county_name": "Miami", "Yes": 0, "No": 0, "total": 0, "min_turnout": 6550, "max_turnout": 6550}, {"county_name": "Mitchell", "Yes": 0, "No": 0, "total": 0, "min_turnout": 1725, "max_turnout": 1725}, {"county_name": "Montgomery", "Yes": 0, "No": 0, "total": 0, "min_turnout": 4791, "max_turnout": 4791}, {"county_name": "Morris", "Yes": 0, "No": 0, "total": 0, "min_turnout": 1436, "max_turnout": 1436}, {"county_name": "Morton", "Yes": 0, "No": 0, "total": 0, "min_turnout": 543, "max_turnout": 543}, {"county_name": "Nemaha", "Yes": 0, "No": 0, "total": 0, "min_turnout": 2604, "max_turnout": 2604}, {"county_name": "Neosho", "Yes": 0, "No": 0, "total": 0, "min_turnout": 2577, "max_turnout": 2577}, {"county_name": "Ness", "Yes": 0, "No": 0, "total": 0, "min_turnout": 799, "max_turnout": 799}, {"county_name": "Norton", "Yes": 0, "No": 0, "total": 0, "min_turnout": 1343, "max_turnout": 1343}, {"county_name": "Osage", "Yes": 0, "No": 0, "total": 0, "min_turnout": 3478, "max_turnout": 3478}, {"county_name": "Osborne", "Yes": 0, "No": 0, "total": 0, "min_turnout": 836, "max_turnout": 836}, {"county_name": "Ottawa", "Yes": 0, "No": 0, "total": 0, "min_turnout": 1585, "max_turnout": 1585}, {"county_name": "Pawnee", "Yes": 0, "No": 0, "total": 0, "min_turnout": 1391, "max_turnout": 1391}, {"county_name": "Phillips", "Yes": 0, "No": 0, "total": 0, "min_turnout": 1569, "max_turnout": 1569}, {"county_name": "Pottawatomie", "Yes": 0, "No": 0, "total": 0, "min_turnout": 5612, "max_turnout": 5612}, {"county_name": "Pratt", "Yes": 0, "No": 0, "total": 0, "min_turnout": 2215, "max_turnout": 2215}, {"county_name": "Rawlins", "Yes": 0, "No": 0, "total": 0, "min_turnout": 805, "max_turnout": 805}, {"county_name": "Reno", "Yes": 0, "No": 0, "total": 0, "min_turnout": 12057, "max_turnout": 12057}, {"county_name": "Republic", "Yes": 0, "No": 0, "total": 0, "min_turnout": 1119, "max_turnout": 1119}, {"county_name": "Rice", "Yes": 0, "No": 0, "total": 0, "min_turnout": 1937, "max_turnout": 1937}, {"county_name": "Riley", "Yes": 0, "No": 0, "total": 0, "min_turnout": 9096, "max_turnout": 9096}, {"county_name": "Rooks", "Yes": 0, "No": 0, "total": 0, "min_turnout": 1389, "max_turnout": 1389}, {"county_name": "Rush", "Yes": 0, "No": 0, "total": 0, "min_turnout": 730, "max_turnout": 730}, {"county_name": "Russell", "Yes": 0, "No": 0, "total": 0, "min_turnout": 1885, "max_turnout": 1885}, {"county_name": "Saline", "Yes": 0, "No": 0, "total": 0, "min_turnout": 9783, "max_turnout": 9783}, {"county_name": "Scott", "Yes": 0, "No": 0, "total": 0, "min_turnout": 1112, "max_turnout": 1112}, {"county_name": "Sedgwick", "Yes": 0, "No": 0, "total": 0, "min_turnout": 75757, "max_turnout": 75757}, {"county_name": "Seward", "Yes": 0, "No": 0, "total": 0, "min_turnout": 1975, "max_turnout": 1975}, {"county_name": "Shawnee", "Yes": 0, "No": 0, "total": 0, "min_turnout": 38768, "max_turnout": 38768}, {"county_name": "Sheridan", "Yes": 0, "No": 0, "total": 0, "min_turnout": 749, "max_turnout": 749}, {"county_name": "Sherman", "Yes": 0, "No": 0, "total": 0, "min_turnout": 1260, "max_turnout": 1260}, {"county_name": "Smith", "Yes": 0, "No": 0, "total": 0, "min_turnout": 1002, "max_turnout": 1002}, {"county_name": "Stafford", "Yes": 0, "No": 0, "total": 0, "min_turnout": 1291, "max_turnout": 1291}, {"county_name": "Stanton", "Yes": 0, "No": 0, "total": 0, "min_turnout": 493, "max_turnout": 493}, {"county_name": "Stevens", "Yes": 0, "No": 0, "total": 0, "min_turnout": 938, "max_turnout": 938}, {"county_name": "Sumner", "Yes": 0, "No": 0, "total": 0, "min_turnout": 4161, "max_turnout": 4161}, {"county_name": "Thomas", "Yes": 0, "No": 0, "total": 0, "min_turnout": 1786, "max_turnout": 1786}, {"county_name": "Trego", "Yes": 0, "No": 0, "total": 0, "min_turnout": 740, "max_turnout": 740}, {"county_name": "Wabaunsee", "Yes": 0, "No": 0, "total": 0, "min_turnout": 2053, "max_turnout": 2053}, {"county_name": "Wallace", "Yes": 0, "No": 0, "total": 0, "min_turnout": 478, "max_turnout": 478}, {"county_name": "Washington", "Yes": 0, "No": 0, "total": 0, "min_turnout": 1511, "max_turnout": 1511}, {"county_name": "Wichita", "Yes": 0, "No": 0, "total": 0, "min_turnout": 474, "max_turnout": 474}, {"county_name": "Wilson", "Yes": 0, "No": 0, "total": 0, "min_turnout": 1964, "max_turnout": 1964}, {"county_name": "Woodson", "Yes": 0, "No": 0, "total": 0, "min_turnout": 906, "max_turnout": 906}, {"county_name": "Wyandotte", "Yes": 0, "No": 0, "total": 0, "min_turnout": 21647, "max_turnout": 21647}], "sources": "ddhq", "labels": {"Total": {"main": "nyt"}, "Allen": {"main": "ddhq", "min": "ddhq", "max": "ddhq"}, "Anderson": {"main": "ddhq", "min": "ddhq", "max": "ddhq"}, "Atchison": {"main": "ddhq", "min": "ddhq", "max": "ddhq"}, "Barber": {"main": "ddhq", "min": "ddhq", "max": "ddhq"}, "Barton": {"main": "ddhq", "min": "ddhq", "max": "ddhq"}, "Bourbon": {"main": "ddhq", "min": "ddhq", "max": "ddhq"}, "Brown": {"main": "ddhq", "min": "ddhq", "max": "ddhq"}, "Butler": {"main": "ddhq", "min": "ddhq", "max": "ddhq"}, "Chase": {"main": "ddhq", "min": "ddhq", "max": "ddhq"}, "Chautauqua": {"main": "ddhq", "min": "ddhq", "max": "ddhq"}, "Cherokee": {"main": "ddhq", "min": "ddhq", "max": "ddhq"}, "Cheyenne": {"main": "ddhq", "min": "ddhq", "max": "ddhq"}, "Clark": {"main": "ddhq", "min": "ddhq", "max": "ddhq"}, "Clay": {"main": "ddhq", "min": "ddhq", "max": "ddhq"}, "Cloud": {"main": "ddhq", "min": "ddhq", "max": "ddhq"}, "Coffey": {"main": "ddhq", "min": "ddhq", "max": "ddhq"}, "Comanche": {"main": "ddhq", "min": "ddhq", "max": "ddhq"}, "Cowley": {"main": "ddhq", "min": "ddhq", "max": "ddhq"}, "Crawford": {"main": "ddhq", "min": "ddhq", "max": "ddhq"}, "Decatur": {"main": "ddhq", "min": "ddhq", "max": "ddhq"}, "Dickinson": {"main": "ddhq", "min": "ddhq", "max": "ddhq"}, "Doniphan": {"main": "ddhq", "min": "ddhq", "max": "ddhq"}, "Douglas": {"main": "ddhq", "min": "ddhq", "max": "ddhq"}, "Edwards": {"main": "ddhq", "min": "ddhq", "max": "ddhq"}, "Elk": {"main": "ddhq", "min": "ddhq", "max": "ddhq"}, "Ellis": {"main": "ddhq", "min": "ddhq", "max": "ddhq"}, "Ellsworth": {"main": "ddhq", "min": "ddhq", "max": "ddhq"}, "Finney": {"main": "ddhq", "min": "ddhq", "max": "ddhq"}, "Ford": {"main": "ddhq", "min": "ddhq", "max": "ddhq"}, "Franklin": {"main": "ddhq", "min": "ddhq", "max": "ddhq"}, "Geary": {"main": "ddhq", "min": "ddhq", "max": "ddhq"}, "Gove": {"main": "ddhq", "min": "ddhq", "max": "ddhq"}, "Graham": {"main": "ddhq", "min": "ddhq", "max": "ddhq"}, "Grant": {"main": "ddhq", "min": "ddhq", "max": "ddhq"}, "Gray": {"main": "ddhq", "min": "ddhq", "max": "ddhq"}, "Greeley": {"main": "ddhq", "min": "ddhq", "max": "ddhq"}, "Greenwood": {"main": "ddhq", "min": "ddhq", "max": "ddhq"}, "Hamilton": {"main": "ddhq", "min": "ddhq", "max": "ddhq"}, "Harper": {"main": "ddhq", "min": "ddhq", "max": "ddhq"}, "Harvey": {"main": "ddhq", "min": "ddhq", "max": "ddhq"}, "Haskell": {"main": "ddhq", "min": "ddhq", "max": "ddhq"}, "Hodgeman": {"main": "ddhq", "min": "ddhq", "max": "ddhq"}, "Jackson": {"main": "ddhq", "min": "ddhq", "max": "ddhq"}, "Jefferson": {"main": "ddhq", "min": "ddhq", "max": "ddhq"}, "Jewell": {"main": "ddhq", "min": "ddhq", "max": "ddhq"}, "Johnson": {"main": "ddhq", "min": "ddhq", "max": "ddhq"}, "Kearny": {"main": "ddhq", "min": "ddhq", "max": "ddhq"}, "Kingman": {"main": "ddhq", "min": "ddhq", "max": "ddhq"}, "Kiowa": {"main": "ddhq", "min": "ddhq", "max": "ddhq"}, "Labette": {"main": "ddhq", "min": "ddhq", "max": "ddhq"}, "Lane": {"main": "ddhq", "min": "ddhq", "max": "ddhq"}, "Leavenworth": {"main": "ddhq", "min": "ddhq", "max": "ddhq"}, "Lincoln": {"main": "ddhq", "min": "ddhq", "max": "ddhq"}, "Linn": {"main": "ddhq", "min": "ddhq", "max": "ddhq"}, "Logan": {"main": "ddhq", "min": "ddhq", "max": "ddhq"}, "Lyon": {"main": "ddhq", "min": "ddhq", "max": "ddhq"}, "Marion": {"main": "ddhq", "min": "ddhq", "max": "ddhq"}, "Marshall": {"main": "ddhq", "min": "ddhq", "max": "ddhq"}, "McPherson": {"main": "ddhq", "min": "ddhq", "max": "ddhq"}, "Meade": {"main": "ddhq", "min": "ddhq", "max": "ddhq"}, "Miami": {"main": "ddhq", "min": "ddhq", "max": "ddhq"}, "Mitchell": {"main": "ddhq", "min": "ddhq", "max": "ddhq"}, "Montgomery": {"main": "ddhq", "min": "ddhq", "max": "ddhq"}, "Morris": {"main": "ddhq", "min": "ddhq", "max": "ddhq"}, "Morton": {"main": "ddhq", "min": "ddhq", "max": "ddhq"}, "Nemaha": {"main": "ddhq", "min": "ddhq", "max": "ddhq"}, "Neosho": {"main": "ddhq", "min": "ddhq", "max": "ddhq"}, "Ness": {"main": "ddhq", "min": "ddhq", "max": "ddhq"}, "Norton": {"main": "ddhq", "min": "ddhq", "max": "ddhq"}, "Osage": {"main": "ddhq", "min": "ddhq", "max": "ddhq"}, "Osborne": {"main": "ddhq", "min": "ddhq", "max": "ddhq"}, "Ottawa": {"main": "ddhq", "min": "ddhq", "max": "ddhq"}, "Pawnee": {"main": "ddhq", "min": "ddhq", "max": "ddhq"}, "Phillips": {"main": "ddhq", "min": "ddhq", "max": "ddhq"}, "Pottawatomie": {"main": "ddhq", "min": "ddhq", "max": "ddhq"}, "Pratt": {"main": "ddhq", "min": "ddhq", "max": "ddhq"}, "Rawlins": {"main": "ddhq", "min": "ddhq", "max": "ddhq"}, "Reno": {"main": "ddhq", "min": "ddhq", "max": "ddhq"}, "Republic": {"main": "ddhq", "min": "ddhq", "max": "ddhq"}, "Rice": {"main": "ddhq", "min": "ddhq", "max": "ddhq"}, "Riley": {"main": "ddhq", "min": "ddhq", "max": "ddhq"}, "Rooks": {"main": "ddhq", "min": "ddhq", "max": "ddhq"}, "Rush": {"main": "ddhq", "min": "ddhq", "max": "ddhq"}, "Russell": {"main": "ddhq", "min": "ddhq", "max": "ddhq"}, "Saline": {"main": "ddhq", "min": "ddhq", "max": "ddhq"}, "Scott": {"main": "ddhq", "min": "ddhq", "max": "ddhq"}, "Sedgwick": {"main": "ddhq", "min": "ddhq", "max": "ddhq"}, "Seward": {"main": "ddhq", "min": "ddhq", "max": "ddhq"}, "Shawnee": {"main": "ddhq", "min": "ddhq", "max": "ddhq"}, "Sheridan": {"main": "ddhq", "min": "ddhq", "max": "ddhq"}, "Sherman": {"main": "ddhq", "min": "ddhq", "max": "ddhq"}, "Smith": {"main": "ddhq", "min": "ddhq", "max": "ddhq"}, "Stafford": {"main": "ddhq", "min": "ddhq", "max": "ddhq"}, "Stanton": {"main": "ddhq", "min": "ddhq", "max": "ddhq"}, "Stevens": {"main": "ddhq", "min": "ddhq", "max": "ddhq"}, "Sumner": {"main": "ddhq", "min": "ddhq", "max": "ddhq"}, "Thomas": {"main": "ddhq", "min": "ddhq", "max": "ddhq"}, "Trego": {"main": "ddhq", "min": "ddhq", "max": "ddhq"}, "Wabaunsee": {"main": "ddhq", "min": "ddhq", "max": "ddhq"}, "Wallace": {"main": "ddhq", "min": "ddhq", "max": "ddhq"}, "Washington": {"main": "ddhq", "min": "ddhq", "max": "ddhq"}, "Wichita": {"main": "ddhq", "min": "ddhq", "max": "ddhq"}, "Wilson": {"main": "ddhq", "min": "ddhq", "max": "ddhq"}, "Woodson": {"main": "ddhq", "min": "ddhq", "max": "ddhq"}, "Wyandotte": {"main": "ddhq", "min": "ddhq", "max": "ddhq"}}}