{"data": [{"county_name": "Total", "Culp": 0, "Newhouse": 0, "White": 0, "total": 0}, {"county_name": "Adams", "Culp": 0, "Newhouse": 0, "White": 0, "total": 0}, {"county_name": "Benton", "Culp": 0, "Newhouse": 0, "White": 0, "total": 0}, {"county_name": "Douglas", "Culp": 0, "Newhouse": 0, "White": 0, "total": 0}, {"county_name": "Franklin", "Culp": 0, "Newhouse": 0, "White": 0, "total": 0}, {"county_name": "Grant", "Culp": 0, "Newhouse": 0, "White": 0, "total": 0}, {"county_name": "Klickitat", "Culp": 0, "Newhouse": 0, "White": 0, "total": 0}, {"county_name": "Okanogan", "Culp": 0, "Newhouse": 0, "White": 0, "total": 0}, {"county_name": "Yakima", "Culp": 0, "Newhouse": 0, "White": 0, "total": 0}], "sources": "cnn", "labels": {"Total": {"main": "nyt"}, "Adams": {"main": "cnn"}, "Benton": {"main": "cnn"}, "Douglas": {"main": "cnn"}, "Franklin": {"main": "cnn"}, "Grant": {"main": "cnn"}, "Klickitat": {"main": "cnn"}, "Okanogan": {"main": "cnn"}, "Yakima": {"main": "cnn"}}}