{"data": [{"county_name": "Total", "Schmitt": 0, "Greitens": 0, "Hartzler": 0, "total": 0, "min_turnout": 1029419, "max_turnout": 1029419}, {"county_name": "Adair", "Schmitt": 0, "Greitens": 0, "Hartzler": 0, "total": 0, "min_turnout": 3675, "max_turnout": 3675}, {"county_name": "Andrew", "Schmitt": 0, "Greitens": 0, "Hartzler": 0, "total": 0, "min_turnout": 4494, "max_turnout": 4494}, {"county_name": "Atchison", "Schmitt": 0, "Greitens": 0, "Hartzler": 0, "total": 0, "min_turnout": 799, "max_turnout": 799}, {"county_name": "Audrain", "Schmitt": 0, "Greitens": 0, "Hartzler": 0, "total": 0, "min_turnout": 3975, "max_turnout": 3975}, {"county_name": "Barry", "Schmitt": 0, "Greitens": 0, "Hartzler": 0, "total": 0, "min_turnout": 5949, "max_turnout": 5949}, {"county_name": "Barton", "Schmitt": 0, "Greitens": 0, "Hartzler": 0, "total": 0, "min_turnout": 2715, "max_turnout": 2715}, {"county_name": "Bates", "Schmitt": 0, "Greitens": 0, "Hartzler": 0, "total": 0, "min_turnout": 3289, "max_turnout": 3289}, {"county_name": "Benton", "Schmitt": 0, "Greitens": 0, "Hartzler": 0, "total": 0, "min_turnout": 4176, "max_turnout": 4176}, {"county_name": "Bollinger", "Schmitt": 0, "Greitens": 0, "Hartzler": 0, "total": 0, "min_turnout": 2351, "max_turnout": 2351}, {"county_name": "Boone", "Schmitt": 0, "Greitens": 0, "Hartzler": 0, "total": 0, "min_turnout": 28263, "max_turnout": 28263}, {"county_name": "Buchanan", "Schmitt": 0, "Greitens": 0, "Hartzler": 0, "total": 0, "min_turnout": 14763, "max_turnout": 14763}, {"county_name": "Butler", "Schmitt": 0, "Greitens": 0, "Hartzler": 0, "total": 0, "min_turnout": 6924, "max_turnout": 6924}, {"county_name": "Caldwell", "Schmitt": 0, "Greitens": 0, "Hartzler": 0, "total": 0, "min_turnout": 2041, "max_turnout": 2041}, {"county_name": "Callaway", "Schmitt": 0, "Greitens": 0, "Hartzler": 0, "total": 0, "min_turnout": 8827, "max_turnout": 8827}, {"county_name": "Camden", "Schmitt": 0, "Greitens": 0, "Hartzler": 0, "total": 0, "min_turnout": 9635, "max_turnout": 9635}, {"county_name": "Cape Girardeau", "Schmitt": 0, "Greitens": 0, "Hartzler": 0, "total": 0, "min_turnout": 14825, "max_turnout": 14825}, {"county_name": "Carroll", "Schmitt": 0, "Greitens": 0, "Hartzler": 0, "total": 0, "min_turnout": 2311, "max_turnout": 2311}, {"county_name": "Carter", "Schmitt": 0, "Greitens": 0, "Hartzler": 0, "total": 0, "min_turnout": 1184, "max_turnout": 1184}, {"county_name": "Cass", "Schmitt": 0, "Greitens": 0, "Hartzler": 0, "total": 0, "min_turnout": 21991, "max_turnout": 21991}, {"county_name": "Cedar", "Schmitt": 0, "Greitens": 0, "Hartzler": 0, "total": 0, "min_turnout": 2684, "max_turnout": 2684}, {"county_name": "Chariton", "Schmitt": 0, "Greitens": 0, "Hartzler": 0, "total": 0, "min_turnout": 1977, "max_turnout": 1977}, {"county_name": "Christian", "Schmitt": 0, "Greitens": 0, "Hartzler": 0, "total": 0, "min_turnout": 15476, "max_turnout": 15476}, {"county_name": "Clark", "Schmitt": 0, "Greitens": 0, "Hartzler": 0, "total": 0, "min_turnout": 1441, "max_turnout": 1441}, {"county_name": "Clay", "Schmitt": 0, "Greitens": 0, "Hartzler": 0, "total": 0, "min_turnout": 39092, "max_turnout": 39092}, {"county_name": "Clinton", "Schmitt": 0, "Greitens": 0, "Hartzler": 0, "total": 0, "min_turnout": 4581, "max_turnout": 4581}, {"county_name": "Cole", "Schmitt": 0, "Greitens": 0, "Hartzler": 0, "total": 0, "min_turnout": 19793, "max_turnout": 19793}, {"county_name": "Cooper", "Schmitt": 0, "Greitens": 0, "Hartzler": 0, "total": 0, "min_turnout": 3930, "max_turnout": 3930}, {"county_name": "Crawford", "Schmitt": 0, "Greitens": 0, "Hartzler": 0, "total": 0, "min_turnout": 4644, "max_turnout": 4644}, {"county_name": "Dade", "Schmitt": 0, "Greitens": 0, "Hartzler": 0, "total": 0, "min_turnout": 1824, "max_turnout": 1824}, {"county_name": "Dallas", "Schmitt": 0, "Greitens": 0, "Hartzler": 0, "total": 0, "min_turnout": 3354, "max_turnout": 3354}, {"county_name": "Daviess", "Schmitt": 0, "Greitens": 0, "Hartzler": 0, "total": 0, "min_turnout": 1574, "max_turnout": 1574}, {"county_name": "DeKalb", "Schmitt": 0, "Greitens": 0, "Hartzler": 0, "total": 0, "min_turnout": 2436, "max_turnout": 2436}, {"county_name": "Dent", "Schmitt": 0, "Greitens": 0, "Hartzler": 0, "total": 0, "min_turnout": 3130, "max_turnout": 3130}, {"county_name": "Douglas", "Schmitt": 0, "Greitens": 0, "Hartzler": 0, "total": 0, "min_turnout": 2430, "max_turnout": 2430}, {"county_name": "Dunklin", "Schmitt": 0, "Greitens": 0, "Hartzler": 0, "total": 0, "min_turnout": 4269, "max_turnout": 4269}, {"county_name": "Franklin", "Schmitt": 0, "Greitens": 0, "Hartzler": 0, "total": 0, "min_turnout": 27307, "max_turnout": 27307}, {"county_name": "Gasconade", "Schmitt": 0, "Greitens": 0, "Hartzler": 0, "total": 0, "min_turnout": 3769, "max_turnout": 3769}, {"county_name": "Gentry", "Schmitt": 0, "Greitens": 0, "Hartzler": 0, "total": 0, "min_turnout": 1707, "max_turnout": 1707}, {"county_name": "Greene", "Schmitt": 0, "Greitens": 0, "Hartzler": 0, "total": 0, "min_turnout": 46487, "max_turnout": 46487}, {"county_name": "Grundy", "Schmitt": 0, "Greitens": 0, "Hartzler": 0, "total": 0, "min_turnout": 1789, "max_turnout": 1789}, {"county_name": "Harrison", "Schmitt": 0, "Greitens": 0, "Hartzler": 0, "total": 0, "min_turnout": 1609, "max_turnout": 1609}, {"county_name": "Henry", "Schmitt": 0, "Greitens": 0, "Hartzler": 0, "total": 0, "min_turnout": 4903, "max_turnout": 4903}, {"county_name": "Hickory", "Schmitt": 0, "Greitens": 0, "Hartzler": 0, "total": 0, "min_turnout": 1868, "max_turnout": 1868}, {"county_name": "Holt", "Schmitt": 0, "Greitens": 0, "Hartzler": 0, "total": 0, "min_turnout": 1329, "max_turnout": 1329}, {"county_name": "Howard", "Schmitt": 0, "Greitens": 0, "Hartzler": 0, "total": 0, "min_turnout": 2512, "max_turnout": 2512}, {"county_name": "Howell", "Schmitt": 0, "Greitens": 0, "Hartzler": 0, "total": 0, "min_turnout": 7307, "max_turnout": 7307}, {"county_name": "Iron", "Schmitt": 0, "Greitens": 0, "Hartzler": 0, "total": 0, "min_turnout": 1638, "max_turnout": 1638}, {"county_name": "Jackson", "Schmitt": 0, "Greitens": 0, "Hartzler": 0, "total": 0, "min_turnout": 79345, "max_turnout": 79345}, {"county_name": "Jasper", "Schmitt": 0, "Greitens": 0, "Hartzler": 0, "total": 0, "min_turnout": 16538, "max_turnout": 16538}, {"county_name": "Jefferson", "Schmitt": 0, "Greitens": 0, "Hartzler": 0, "total": 0, "min_turnout": 51667, "max_turnout": 51667}, {"county_name": "Johnson", "Schmitt": 0, "Greitens": 0, "Hartzler": 0, "total": 0, "min_turnout": 7904, "max_turnout": 7904}, {"county_name": "Knox", "Schmitt": 0, "Greitens": 0, "Hartzler": 0, "total": 0, "min_turnout": 795, "max_turnout": 795}, {"county_name": "Laclede", "Schmitt": 0, "Greitens": 0, "Hartzler": 0, "total": 0, "min_turnout": 7613, "max_turnout": 7613}, {"county_name": "Lafayette", "Schmitt": 0, "Greitens": 0, "Hartzler": 0, "total": 0, "min_turnout": 6559, "max_turnout": 6559}, {"county_name": "Lawrence", "Schmitt": 0, "Greitens": 0, "Hartzler": 0, "total": 0, "min_turnout": 6213, "max_turnout": 6213}, {"county_name": "Lewis", "Schmitt": 0, "Greitens": 0, "Hartzler": 0, "total": 0, "min_turnout": 1751, "max_turnout": 1751}, {"county_name": "Lincoln", "Schmitt": 0, "Greitens": 0, "Hartzler": 0, "total": 0, "min_turnout": 14641, "max_turnout": 14641}, {"county_name": "Linn", "Schmitt": 0, "Greitens": 0, "Hartzler": 0, "total": 0, "min_turnout": 2299, "max_turnout": 2299}, {"county_name": "Livingston", "Schmitt": 0, "Greitens": 0, "Hartzler": 0, "total": 0, "min_turnout": 2799, "max_turnout": 2799}, {"county_name": "Macon", "Schmitt": 0, "Greitens": 0, "Hartzler": 0, "total": 0, "min_turnout": 2132, "max_turnout": 2132}, {"county_name": "Madison", "Schmitt": 0, "Greitens": 0, "Hartzler": 0, "total": 0, "min_turnout": 2227, "max_turnout": 2227}, {"county_name": "Maries", "Schmitt": 0, "Greitens": 0, "Hartzler": 0, "total": 0, "min_turnout": 5309, "max_turnout": 5309}, {"county_name": "Marion", "Schmitt": 0, "Greitens": 0, "Hartzler": 0, "total": 0, "min_turnout": 2537, "max_turnout": 2537}, {"county_name": "McDonald", "Schmitt": 0, "Greitens": 0, "Hartzler": 0, "total": 0, "min_turnout": 4147, "max_turnout": 4147}, {"county_name": "Mercer", "Schmitt": 0, "Greitens": 0, "Hartzler": 0, "total": 0, "min_turnout": 378, "max_turnout": 378}, {"county_name": "Miller", "Schmitt": 0, "Greitens": 0, "Hartzler": 0, "total": 0, "min_turnout": 4974, "max_turnout": 4974}, {"county_name": "Mississippi", "Schmitt": 0, "Greitens": 0, "Hartzler": 0, "total": 0, "min_turnout": 1578, "max_turnout": 1578}, {"county_name": "Moniteau", "Schmitt": 0, "Greitens": 0, "Hartzler": 0, "total": 0, "min_turnout": 3821, "max_turnout": 3821}, {"county_name": "Monroe", "Schmitt": 0, "Greitens": 0, "Hartzler": 0, "total": 0, "min_turnout": 2195, "max_turnout": 2195}, {"county_name": "Montgomery", "Schmitt": 0, "Greitens": 0, "Hartzler": 0, "total": 0, "min_turnout": 2745, "max_turnout": 2745}, {"county_name": "Morgan", "Schmitt": 0, "Greitens": 0, "Hartzler": 0, "total": 0, "min_turnout": 3363, "max_turnout": 3363}, {"county_name": "New Madrid", "Schmitt": 0, "Greitens": 0, "Hartzler": 0, "total": 0, "min_turnout": 2125, "max_turnout": 2125}, {"county_name": "Newton", "Schmitt": 0, "Greitens": 0, "Hartzler": 0, "total": 0, "min_turnout": 10963, "max_turnout": 10963}, {"county_name": "Nodaway", "Schmitt": 0, "Greitens": 0, "Hartzler": 0, "total": 0, "min_turnout": 3510, "max_turnout": 3510}, {"county_name": "Oregon", "Schmitt": 0, "Greitens": 0, "Hartzler": 0, "total": 0, "min_turnout": 1456, "max_turnout": 1456}, {"county_name": "Osage", "Schmitt": 0, "Greitens": 0, "Hartzler": 0, "total": 0, "min_turnout": 3924, "max_turnout": 3924}, {"county_name": "Ozark", "Schmitt": 0, "Greitens": 0, "Hartzler": 0, "total": 0, "min_turnout": 1870, "max_turnout": 1870}, {"county_name": "Pemiscot", "Schmitt": 0, "Greitens": 0, "Hartzler": 0, "total": 0, "min_turnout": 1554, "max_turnout": 1554}, {"county_name": "Perry", "Schmitt": 0, "Greitens": 0, "Hartzler": 0, "total": 0, "min_turnout": 4634, "max_turnout": 4634}, {"county_name": "Pettis", "Schmitt": 0, "Greitens": 0, "Hartzler": 0, "total": 0, "min_turnout": 6264, "max_turnout": 6264}, {"county_name": "Phelps", "Schmitt": 0, "Greitens": 0, "Hartzler": 0, "total": 0, "min_turnout": 8383, "max_turnout": 8383}, {"county_name": "Pike", "Schmitt": 0, "Greitens": 0, "Hartzler": 0, "total": 0, "min_turnout": 3577, "max_turnout": 3577}, {"county_name": "Platte", "Schmitt": 0, "Greitens": 0, "Hartzler": 0, "total": 0, "min_turnout": 19335, "max_turnout": 19335}, {"county_name": "Polk", "Schmitt": 0, "Greitens": 0, "Hartzler": 0, "total": 0, "min_turnout": 5333, "max_turnout": 5333}, {"county_name": "Pulaski", "Schmitt": 0, "Greitens": 0, "Hartzler": 0, "total": 0, "min_turnout": 4330, "max_turnout": 4330}, {"county_name": "Putnam", "Schmitt": 0, "Greitens": 0, "Hartzler": 0, "total": 0, "min_turnout": 745, "max_turnout": 745}, {"county_name": "Ralls", "Schmitt": 0, "Greitens": 0, "Hartzler": 0, "total": 0, "min_turnout": 2415, "max_turnout": 2415}, {"county_name": "Randolph", "Schmitt": 0, "Greitens": 0, "Hartzler": 0, "total": 0, "min_turnout": 4131, "max_turnout": 4131}, {"county_name": "Ray", "Schmitt": 0, "Greitens": 0, "Hartzler": 0, "total": 0, "min_turnout": 5109, "max_turnout": 5109}, {"county_name": "Reynolds", "Schmitt": 0, "Greitens": 0, "Hartzler": 0, "total": 0, "min_turnout": 1225, "max_turnout": 1225}, {"county_name": "Ripley", "Schmitt": 0, "Greitens": 0, "Hartzler": 0, "total": 0, "min_turnout": 1690, "max_turnout": 1690}, {"county_name": "Saint Charles", "Schmitt": 0, "Greitens": 0, "Hartzler": 0, "total": 0, "min_turnout": 3272, "max_turnout": 3272}, {"county_name": "Saint Clair", "Schmitt": 0, "Greitens": 0, "Hartzler": 0, "total": 0, "min_turnout": 728, "max_turnout": 728}, {"county_name": "Saint Francois", "Schmitt": 0, "Greitens": 0, "Hartzler": 0, "total": 0, "min_turnout": 6513, "max_turnout": 6513}, {"county_name": "Saint Louis", "Schmitt": 0, "Greitens": 0, "Hartzler": 0, "total": 0, "min_turnout": 1226, "max_turnout": 1226}, {"county_name": "Saint Louis City", "Schmitt": 0, "Greitens": 0, "Hartzler": 0, "total": 0, "min_turnout": 3216, "max_turnout": 3216}, {"county_name": "Saline", "Schmitt": 0, "Greitens": 0, "Hartzler": 0, "total": 0, "min_turnout": 2099, "max_turnout": 2099}, {"county_name": "Schuyler", "Schmitt": 0, "Greitens": 0, "Hartzler": 0, "total": 0, "min_turnout": 99674, "max_turnout": 99674}, {"county_name": "Scotland", "Schmitt": 0, "Greitens": 0, "Hartzler": 0, "total": 0, "min_turnout": 2019, "max_turnout": 2019}, {"county_name": "Scott", "Schmitt": 0, "Greitens": 0, "Hartzler": 0, "total": 0, "min_turnout": 10010, "max_turnout": 10010}, {"county_name": "Shannon", "Schmitt": 0, "Greitens": 0, "Hartzler": 0, "total": 0, "min_turnout": 149794, "max_turnout": 149794}, {"county_name": "Shelby", "Schmitt": 0, "Greitens": 0, "Hartzler": 0, "total": 0, "min_turnout": 11600, "max_turnout": 11600}, {"county_name": "Ste. Genevieve", "Schmitt": 0, "Greitens": 0, "Hartzler": 0, "total": 0, "min_turnout": 673, "max_turnout": 673}, {"county_name": "Stoddard", "Schmitt": 0, "Greitens": 0, "Hartzler": 0, "total": 0, "min_turnout": 4754, "max_turnout": 4754}, {"county_name": "Stone", "Schmitt": 0, "Greitens": 0, "Hartzler": 0, "total": 0, "min_turnout": 5064, "max_turnout": 5064}, {"county_name": "Sullivan", "Schmitt": 0, "Greitens": 0, "Hartzler": 0, "total": 0, "min_turnout": 6275, "max_turnout": 6275}, {"county_name": "Taney", "Schmitt": 0, "Greitens": 0, "Hartzler": 0, "total": 0, "min_turnout": 909, "max_turnout": 909}, {"county_name": "Texas", "Schmitt": 0, "Greitens": 0, "Hartzler": 0, "total": 0, "min_turnout": 8623, "max_turnout": 8623}, {"county_name": "Vernon", "Schmitt": 0, "Greitens": 0, "Hartzler": 0, "total": 0, "min_turnout": 4291, "max_turnout": 4291}, {"county_name": "Warren", "Schmitt": 0, "Greitens": 0, "Hartzler": 0, "total": 0, "min_turnout": 2654, "max_turnout": 2654}, {"county_name": "Washington", "Schmitt": 0, "Greitens": 0, "Hartzler": 0, "total": 0, "min_turnout": 9377, "max_turnout": 9377}, {"county_name": "Wayne", "Schmitt": 0, "Greitens": 0, "Hartzler": 0, "total": 0, "min_turnout": 3776, "max_turnout": 3776}, {"county_name": "Webster", "Schmitt": 0, "Greitens": 0, "Hartzler": 0, "total": 0, "min_turnout": 2065, "max_turnout": 2065}, {"county_name": "Worth", "Schmitt": 0, "Greitens": 0, "Hartzler": 0, "total": 0, "min_turnout": 7167, "max_turnout": 7167}, {"county_name": "Wright", "Schmitt": 0, "Greitens": 0, "Hartzler": 0, "total": 0, "min_turnout": 490, "max_turnout": 490}], "sources": "ddhq", "labels": {"Total": {"main": "nyt"}, "Adair": {"main": "ddhq", "min": "ddhq", "max": "ddhq"}, "Andrew": {"main": "ddhq", "min": "ddhq", "max": "ddhq"}, "Atchison": {"main": "ddhq", "min": "ddhq", "max": "ddhq"}, "Audrain": {"main": "ddhq", "min": "ddhq", "max": "ddhq"}, "Barry": {"main": "ddhq", "min": "ddhq", "max": "ddhq"}, "Barton": {"main": "ddhq", "min": "ddhq", "max": "ddhq"}, "Bates": {"main": "ddhq", "min": "ddhq", "max": "ddhq"}, "Benton": {"main": "ddhq", "min": "ddhq", "max": "ddhq"}, "Bollinger": {"main": "ddhq", "min": "ddhq", "max": "ddhq"}, "Boone": {"main": "ddhq", "min": "ddhq", "max": "ddhq"}, "Buchanan": {"main": "ddhq", "min": "ddhq", "max": "ddhq"}, "Butler": {"main": "ddhq", "min": "ddhq", "max": "ddhq"}, "Caldwell": {"main": "ddhq", "min": "ddhq", "max": "ddhq"}, "Callaway": {"main": "ddhq", "min": "ddhq", "max": "ddhq"}, "Camden": {"main": "ddhq", "min": "ddhq", "max": "ddhq"}, "Cape Girardeau": {"main": "ddhq", "min": "ddhq", "max": "ddhq"}, "Carroll": {"main": "ddhq", "min": "ddhq", "max": "ddhq"}, "Carter": {"main": "ddhq", "min": "ddhq", "max": "ddhq"}, "Cass": {"main": "ddhq", "min": "ddhq", "max": "ddhq"}, "Cedar": {"main": "ddhq", "min": "ddhq", "max": "ddhq"}, "Chariton": {"main": "ddhq", "min": "ddhq", "max": "ddhq"}, "Christian": {"main": "ddhq", "min": "ddhq", "max": "ddhq"}, "Clark": {"main": "ddhq", "min": "ddhq", "max": "ddhq"}, "Clay": {"main": "ddhq", "min": "ddhq", "max": "ddhq"}, "Clinton": {"main": "ddhq", "min": "ddhq", "max": "ddhq"}, "Cole": {"main": "ddhq", "min": "ddhq", "max": "ddhq"}, "Cooper": {"main": "ddhq", "min": "ddhq", "max": "ddhq"}, "Crawford": {"main": "ddhq", "min": "ddhq", "max": "ddhq"}, "Dade": {"main": "ddhq", "min": "ddhq", "max": "ddhq"}, "Dallas": {"main": "ddhq", "min": "ddhq", "max": "ddhq"}, "Daviess": {"main": "ddhq", "min": "ddhq", "max": "ddhq"}, "DeKalb": {"main": "ddhq", "min": "ddhq", "max": "ddhq"}, "Dent": {"main": "ddhq", "min": "ddhq", "max": "ddhq"}, "Douglas": {"main": "ddhq", "min": "ddhq", "max": "ddhq"}, "Dunklin": {"main": "ddhq", "min": "ddhq", "max": "ddhq"}, "Franklin": {"main": "ddhq", "min": "ddhq", "max": "ddhq"}, "Gasconade": {"main": "ddhq", "min": "ddhq", "max": "ddhq"}, "Gentry": {"main": "ddhq", "min": "ddhq", "max": "ddhq"}, "Greene": {"main": "ddhq", "min": "ddhq", "max": "ddhq"}, "Grundy": {"main": "ddhq", "min": "ddhq", "max": "ddhq"}, "Harrison": {"main": "ddhq", "min": "ddhq", "max": "ddhq"}, "Henry": {"main": "ddhq", "min": "ddhq", "max": "ddhq"}, "Hickory": {"main": "ddhq", "min": "ddhq", "max": "ddhq"}, "Holt": {"main": "ddhq", "min": "ddhq", "max": "ddhq"}, "Howard": {"main": "ddhq", "min": "ddhq", "max": "ddhq"}, "Howell": {"main": "ddhq", "min": "ddhq", "max": "ddhq"}, "Iron": {"main": "ddhq", "min": "ddhq", "max": "ddhq"}, "Jackson": {"main": "ddhq", "min": "ddhq", "max": "ddhq"}, "Jasper": {"main": "ddhq", "min": "ddhq", "max": "ddhq"}, "Jefferson": {"main": "ddhq", "min": "ddhq", "max": "ddhq"}, "Johnson": {"main": "ddhq", "min": "ddhq", "max": "ddhq"}, "Knox": {"main": "ddhq", "min": "ddhq", "max": "ddhq"}, "Laclede": {"main": "ddhq", "min": "ddhq", "max": "ddhq"}, "Lafayette": {"main": "ddhq", "min": "ddhq", "max": "ddhq"}, "Lawrence": {"main": "ddhq", "min": "ddhq", "max": "ddhq"}, "Lewis": {"main": "ddhq", "min": "ddhq", "max": "ddhq"}, "Lincoln": {"main": "ddhq", "min": "ddhq", "max": "ddhq"}, "Linn": {"main": "ddhq", "min": "ddhq", "max": "ddhq"}, "Livingston": {"main": "ddhq", "min": "ddhq", "max": "ddhq"}, "Macon": {"main": "ddhq", "min": "ddhq", "max": "ddhq"}, "Madison": {"main": "ddhq", "min": "ddhq", "max": "ddhq"}, "Maries": {"main": "ddhq", "min": "ddhq", "max": "ddhq"}, "Marion": {"main": "ddhq", "min": "ddhq", "max": "ddhq"}, "McDonald": {"main": "ddhq", "min": "ddhq", "max": "ddhq"}, "Mercer": {"main": "ddhq", "min": "ddhq", "max": "ddhq"}, "Miller": {"main": "ddhq", "min": "ddhq", "max": "ddhq"}, "Mississippi": {"main": "ddhq", "min": "ddhq", "max": "ddhq"}, "Moniteau": {"main": "ddhq", "min": "ddhq", "max": "ddhq"}, "Monroe": {"main": "ddhq", "min": "ddhq", "max": "ddhq"}, "Montgomery": {"main": "ddhq", "min": "ddhq", "max": "ddhq"}, "Morgan": {"main": "ddhq", "min": "ddhq", "max": "ddhq"}, "New Madrid": {"main": "ddhq", "min": "ddhq", "max": "ddhq"}, "Newton": {"main": "ddhq", "min": "ddhq", "max": "ddhq"}, "Nodaway": {"main": "ddhq", "min": "ddhq", "max": "ddhq"}, "Oregon": {"main": "ddhq", "min": "ddhq", "max": "ddhq"}, "Osage": {"main": "ddhq", "min": "ddhq", "max": "ddhq"}, "Ozark": {"main": "ddhq", "min": "ddhq", "max": "ddhq"}, "Pemiscot": {"main": "ddhq", "min": "ddhq", "max": "ddhq"}, "Perry": {"main": "ddhq", "min": "ddhq", "max": "ddhq"}, "Pettis": {"main": "ddhq", "min": "ddhq", "max": "ddhq"}, "Phelps": {"main": "ddhq", "min": "ddhq", "max": "ddhq"}, "Pike": {"main": "ddhq", "min": "ddhq", "max": "ddhq"}, "Platte": {"main": "ddhq", "min": "ddhq", "max": "ddhq"}, "Polk": {"main": "ddhq", "min": "ddhq", "max": "ddhq"}, "Pulaski": {"main": "ddhq", "min": "ddhq", "max": "ddhq"}, "Putnam": {"main": "ddhq", "min": "ddhq", "max": "ddhq"}, "Ralls": {"main": "ddhq", "min": "ddhq", "max": "ddhq"}, "Randolph": {"main": "ddhq", "min": "ddhq", "max": "ddhq"}, "Ray": {"main": "ddhq", "min": "ddhq", "max": "ddhq"}, "Reynolds": {"main": "ddhq", "min": "ddhq", "max": "ddhq"}, "Ripley": {"main": "ddhq", "min": "ddhq", "max": "ddhq"}, "Saint Charles": {"main": "ddhq", "min": "ddhq", "max": "ddhq"}, "Saint Clair": {"main": "ddhq", "min": "ddhq", "max": "ddhq"}, "Saint Francois": {"main": "ddhq", "min": "ddhq", "max": "ddhq"}, "Saint Louis": {"main": "ddhq", "min": "ddhq", "max": "ddhq"}, "Saint Louis City": {"main": "ddhq", "min": "ddhq", "max": "ddhq"}, "Saline": {"main": "ddhq", "min": "ddhq", "max": "ddhq"}, "Schuyler": {"main": "ddhq", "min": "ddhq", "max": "ddhq"}, "Scotland": {"main": "ddhq", "min": "ddhq", "max": "ddhq"}, "Scott": {"main": "ddhq", "min": "ddhq", "max": "ddhq"}, "Shannon": {"main": "ddhq", "min": "ddhq", "max": "ddhq"}, "Shelby": {"main": "ddhq", "min": "ddhq", "max": "ddhq"}, "Ste. Genevieve": {"main": "ddhq", "min": "ddhq", "max": "ddhq"}, "Stoddard": {"main": "ddhq", "min": "ddhq", "max": "ddhq"}, "Stone": {"main": "ddhq", "min": "ddhq", "max": "ddhq"}, "Sullivan": {"main": "ddhq", "min": "ddhq", "max": "ddhq"}, "Taney": {"main": "ddhq", "min": "ddhq", "max": "ddhq"}, "Texas": {"main": "ddhq", "min": "ddhq", "max": "ddhq"}, "Vernon": {"main": "ddhq", "min": "ddhq", "max": "ddhq"}, "Warren": {"main": "ddhq", "min": "ddhq", "max": "ddhq"}, "Washington": {"main": "ddhq", "min": "ddhq", "max": "ddhq"}, "Wayne": {"main": "ddhq", "min": "ddhq", "max": "ddhq"}, "Webster": {"main": "ddhq", "min": "ddhq", "max": "ddhq"}, "Worth": {"main": "ddhq", "min": "ddhq", "max": "ddhq"}, "Wright": {"main": "ddhq", "min": "ddhq", "max": "ddhq"}}}