{"2022-07-31T01:53:18-05:00": {"0": {"county_name": "Total", "Dixon": 0, "Rinke": 0, "Soldano": 0, "Kelley": 0, "total": 0}, "1": {"county_name": "Alcona", "Dixon": 0, "Rinke": 0, "Soldano": 0, "Kelley": 0, "total": 0}, "2": {"county_name": "Alger", "Dixon": 0, "Rinke": 0, "Soldano": 0, "Kelley": 0, "total": 0}, "3": {"county_name": "Allegan", "Dixon": 0, "Rinke": 0, "Soldano": 0, "Kelley": 0, "total": 0}, "4": {"county_name": "Alpena", "Dixon": 0, "Rinke": 0, "Soldano": 0, "Kelley": 0, "total": 0}, "5": {"county_name": "Antrim", "Dixon": 0, "Rinke": 0, "Soldano": 0, "Kelley": 0, "total": 0}, "6": {"county_name": "Arenac", "Dixon": 0, "Rinke": 0, "Soldano": 0, "Kelley": 0, "total": 0}, "7": {"county_name": "Baraga", "Dixon": 0, "Rinke": 0, "Soldano": 0, "Kelley": 0, "total": 0}, "8": {"county_name": "Barry", "Dixon": 0, "Rinke": 0, "Soldano": 0, "Kelley": 0, "total": 0}, "9": {"county_name": "Bay", "Dixon": 0, "Rinke": 0, "Soldano": 0, "Kelley": 0, "total": 0}, "10": {"county_name": "Benzie", "Dixon": 0, "Rinke": 0, "Soldano": 0, "Kelley": 0, "total": 0}, "11": {"county_name": "Berrien", "Dixon": 0, "Rinke": 0, "Soldano": 0, "Kelley": 0, "total": 0}, "12": {"county_name": "Branch", "Dixon": 0, "Rinke": 0, "Soldano": 0, "Kelley": 0, "total": 0}, "13": {"county_name": "Calhoun", "Dixon": 0, "Rinke": 0, "Soldano": 0, "Kelley": 0, "total": 0}, "14": {"county_name": "Cass", "Dixon": 0, "Rinke": 0, "Soldano": 0, "Kelley": 0, "total": 0}, "15": {"county_name": "Charlevoix", "Dixon": 0, "Rinke": 0, "Soldano": 0, "Kelley": 0, "total": 0}, "16": {"county_name": "Cheboygan", "Dixon": 0, "Rinke": 0, "Soldano": 0, "Kelley": 0, "total": 0}, "17": {"county_name": "Chippewa", "Dixon": 0, "Rinke": 0, "Soldano": 0, "Kelley": 0, "total": 0}, "18": {"county_name": "Clare", "Dixon": 0, "Rinke": 0, "Soldano": 0, "Kelley": 0, "total": 0}, "19": {"county_name": "Clinton", "Dixon": 0, "Rinke": 0, "Soldano": 0, "Kelley": 0, "total": 0}, "20": {"county_name": "Crawford", "Dixon": 0, "Rinke": 0, "Soldano": 0, "Kelley": 0, "total": 0}, "21": {"county_name": "Delta", "Dixon": 0, "Rinke": 0, "Soldano": 0, "Kelley": 0, "total": 0}, "22": {"county_name": "Dickinson", "Dixon": 0, "Rinke": 0, "Soldano": 0, "Kelley": 0, "total": 0}, "23": {"county_name": "Eaton", "Dixon": 0, "Rinke": 0, "Soldano": 0, "Kelley": 0, "total": 0}, "24": {"county_name": "Emmet", "Dixon": 0, "Rinke": 0, "Soldano": 0, "Kelley": 0, "total": 0}, "25": {"county_name": "Genesee", "Dixon": 0, "Rinke": 0, "Soldano": 0, "Kelley": 0, "total": 0}, "26": {"county_name": "Gladwin", "Dixon": 0, "Rinke": 0, "Soldano": 0, "Kelley": 0, "total": 0}, "27": {"county_name": "Gogebic", "Dixon": 0, "Rinke": 0, "Soldano": 0, "Kelley": 0, "total": 0}, "28": {"county_name": "Grand Traverse", "Dixon": 0, "Rinke": 0, "Soldano": 0, "Kelley": 0, "total": 0}, "29": {"county_name": "Gratiot", "Dixon": 0, "Rinke": 0, "Soldano": 0, "Kelley": 0, "total": 0}, "30": {"county_name": "Hillsdale", "Dixon": 0, "Rinke": 0, "Soldano": 0, "Kelley": 0, "total": 0}, "31": {"county_name": "Houghton", "Dixon": 0, "Rinke": 0, "Soldano": 0, "Kelley": 0, "total": 0}, "32": {"county_name": "Huron", "Dixon": 0, "Rinke": 0, "Soldano": 0, "Kelley": 0, "total": 0}, "33": {"county_name": "Ingham", "Dixon": 0, "Rinke": 0, "Soldano": 0, "Kelley": 0, "total": 0}, "34": {"county_name": "Ionia", "Dixon": 0, "Rinke": 0, "Soldano": 0, "Kelley": 0, "total": 0}, "35": {"county_name": "Iosco", "Dixon": 0, "Rinke": 0, "Soldano": 0, "Kelley": 0, "total": 0}, "36": {"county_name": "Iron", "Dixon": 0, "Rinke": 0, "Soldano": 0, "Kelley": 0, "total": 0}, "37": {"county_name": "Isabella", "Dixon": 0, "Rinke": 0, "Soldano": 0, "Kelley": 0, "total": 0}, "38": {"county_name": "Jackson", "Dixon": 0, "Rinke": 0, "Soldano": 0, "Kelley": 0, "total": 0}, "39": {"county_name": "Kalamazoo", "Dixon": 0, "Rinke": 0, "Soldano": 0, "Kelley": 0, "total": 0}, "40": {"county_name": "Kalkaska", "Dixon": 0, "Rinke": 0, "Soldano": 0, "Kelley": 0, "total": 0}, "41": {"county_name": "Kent", "Dixon": 0, "Rinke": 0, "Soldano": 0, "Kelley": 0, "total": 0}, "42": {"county_name": "Keweenaw", "Dixon": 0, "Rinke": 0, "Soldano": 0, "Kelley": 0, "total": 0}, "43": {"county_name": "Lake", "Dixon": 0, "Rinke": 0, "Soldano": 0, "Kelley": 0, "total": 0}, "44": {"county_name": "Lapeer", "Dixon": 0, "Rinke": 0, "Soldano": 0, "Kelley": 0, "total": 0}, "45": {"county_name": "Leelanau", "Dixon": 0, "Rinke": 0, "Soldano": 0, "Kelley": 0, "total": 0}, "46": {"county_name": "Lenawee", "Dixon": 0, "Rinke": 0, "Soldano": 0, "Kelley": 0, "total": 0}, "47": {"county_name": "Livingston", "Dixon": 0, "Rinke": 0, "Soldano": 0, "Kelley": 0, "total": 0}, "48": {"county_name": "Luce", "Dixon": 0, "Rinke": 0, "Soldano": 0, "Kelley": 0, "total": 0}, "49": {"county_name": "Mackinac", "Dixon": 0, "Rinke": 0, "Soldano": 0, "Kelley": 0, "total": 0}, "50": {"county_name": "Macomb", "Dixon": 0, "Rinke": 0, "Soldano": 0, "Kelley": 0, "total": 0}, "51": {"county_name": "Manistee", "Dixon": 0, "Rinke": 0, "Soldano": 0, "Kelley": 0, "total": 0}, "52": {"county_name": "Marquette", "Dixon": 0, "Rinke": 0, "Soldano": 0, "Kelley": 0, "total": 0}, "53": {"county_name": "Mason", "Dixon": 0, "Rinke": 0, "Soldano": 0, "Kelley": 0, "total": 0}, "54": {"county_name": "Mecosta", "Dixon": 0, "Rinke": 0, "Soldano": 0, "Kelley": 0, "total": 0}, "55": {"county_name": "Menominee", "Dixon": 0, "Rinke": 0, "Soldano": 0, "Kelley": 0, "total": 0}, "56": {"county_name": "Midland", "Dixon": 0, "Rinke": 0, "Soldano": 0, "Kelley": 0, "total": 0}, "57": {"county_name": "Missaukee", "Dixon": 0, "Rinke": 0, "Soldano": 0, "Kelley": 0, "total": 0}, "58": {"county_name": "Monroe", "Dixon": 0, "Rinke": 0, "Soldano": 0, "Kelley": 0, "total": 0}, "59": {"county_name": "Montcalm", "Dixon": 0, "Rinke": 0, "Soldano": 0, "Kelley": 0, "total": 0}, "60": {"county_name": "Montmorency", "Dixon": 0, "Rinke": 0, "Soldano": 0, "Kelley": 0, "total": 0}, "61": {"county_name": "Muskegon", "Dixon": 0, "Rinke": 0, "Soldano": 0, "Kelley": 0, "total": 0}, "62": {"county_name": "Newaygo", "Dixon": 0, "Rinke": 0, "Soldano": 0, "Kelley": 0, "total": 0}, "63": {"county_name": "Oakland", "Dixon": 0, "Rinke": 0, "Soldano": 0, "Kelley": 0, "total": 0}, "64": {"county_name": "Oceana", "Dixon": 0, "Rinke": 0, "Soldano": 0, "Kelley": 0, "total": 0}, "65": {"county_name": "Ogemaw", "Dixon": 0, "Rinke": 0, "Soldano": 0, "Kelley": 0, "total": 0}, "66": {"county_name": "Ontonagon", "Dixon": 0, "Rinke": 0, "Soldano": 0, "Kelley": 0, "total": 0}, "67": {"county_name": "Osceola", "Dixon": 0, "Rinke": 0, "Soldano": 0, "Kelley": 0, "total": 0}, "68": {"county_name": "Oscoda", "Dixon": 0, "Rinke": 0, "Soldano": 0, "Kelley": 0, "total": 0}, "69": {"county_name": "Otsego", "Dixon": 0, "Rinke": 0, "Soldano": 0, "Kelley": 0, "total": 0}, "70": {"county_name": "Ottawa", "Dixon": 0, "Rinke": 0, "Soldano": 0, "Kelley": 0, "total": 0}, "71": {"county_name": "Presque Isle", "Dixon": 0, "Rinke": 0, "Soldano": 0, "Kelley": 0, "total": 0}, "72": {"county_name": "Roscommon", "Dixon": 0, "Rinke": 0, "Soldano": 0, "Kelley": 0, "total": 0}, "73": {"county_name": "Saginaw", "Dixon": 0, "Rinke": 0, "Soldano": 0, "Kelley": 0, "total": 0}, "74": {"county_name": "Saint Clair", "Dixon": 0, "Rinke": 0, "Soldano": 0, "Kelley": 0, "total": 0}, "75": {"county_name": "Saint Joseph", "Dixon": 0, "Rinke": 0, "Soldano": 0, "Kelley": 0, "total": 0}, "76": {"county_name": "Sanilac", "Dixon": 0, "Rinke": 0, "Soldano": 0, "Kelley": 0, "total": 0}, "77": {"county_name": "Schoolcraft", "Dixon": 0, "Rinke": 0, "Soldano": 0, "Kelley": 0, "total": 0}, "78": {"county_name": "Shiawassee", "Dixon": 0, "Rinke": 0, "Soldano": 0, "Kelley": 0, "total": 0}, "79": {"county_name": "Tuscola", "Dixon": 0, "Rinke": 0, "Soldano": 0, "Kelley": 0, "total": 0}, "80": {"county_name": "Van Buren", "Dixon": 0, "Rinke": 0, "Soldano": 0, "Kelley": 0, "total": 0}, "81": {"county_name": "Washtenaw", "Dixon": 0, "Rinke": 0, "Soldano": 0, "Kelley": 0, "total": 0}, "82": {"county_name": "Wayne", "Dixon": 0, "Rinke": 0, "Soldano": 0, "Kelley": 0, "total": 0}, "83": {"county_name": "Wexford", "Dixon": 0, "Rinke": 0, "Soldano": 0, "Kelley": 0, "total": 0}}, "2022-08-01T22:51:40-05:00": {"0": {"Dixon": 0, "Rinke": 0, "Soldano": 0, "Kelley": 0, "total": 0, "min_turnout": 1276760, "max_turnout": 1276760, "county_name": "Total"}, "1": {"Dixon": 0, "Rinke": 0, "Soldano": 0, "Kelley": 0, "total": 0, "min_turnout": 2402, "max_turnout": 2402, "county_name": "Alcona"}, "2": {"Dixon": 0, "Rinke": 0, "Soldano": 0, "Kelley": 0, "total": 0, "min_turnout": 1327, "max_turnout": 1327, "county_name": "Alger"}, "3": {"Dixon": 0, "Rinke": 0, "Soldano": 0, "Kelley": 0, "total": 0, "min_turnout": 21692, "max_turnout": 21692, "county_name": "Allegan"}, "4": {"Dixon": 0, "Rinke": 0, "Soldano": 0, "Kelley": 0, "total": 0, "min_turnout": 4460, "max_turnout": 4460, "county_name": "Alpena"}, "5": {"Dixon": 0, "Rinke": 0, "Soldano": 0, "Kelley": 0, "total": 0, "min_turnout": 5181, "max_turnout": 5181, "county_name": "Antrim"}, "6": {"Dixon": 0, "Rinke": 0, "Soldano": 0, "Kelley": 0, "total": 0, "min_turnout": 2537, "max_turnout": 2537, "county_name": "Arenac"}, "7": {"Dixon": 0, "Rinke": 0, "Soldano": 0, "Kelley": 0, "total": 0, "min_turnout": 970, "max_turnout": 970, "county_name": "Baraga"}, "8": {"Dixon": 0, "Rinke": 0, "Soldano": 0, "Kelley": 0, "total": 0, "min_turnout": 11876, "max_turnout": 11876, "county_name": "Barry"}, "9": {"Dixon": 0, "Rinke": 0, "Soldano": 0, "Kelley": 0, "total": 0, "min_turnout": 14494, "max_turnout": 14494, "county_name": "Bay"}, "10": {"Dixon": 0, "Rinke": 0, "Soldano": 0, "Kelley": 0, "total": 0, "min_turnout": 3503, "max_turnout": 3503, "county_name": "Benzie"}, "11": {"Dixon": 0, "Rinke": 0, "Soldano": 0, "Kelley": 0, "total": 0, "min_turnout": 22249, "max_turnout": 22249, "county_name": "Berrien"}, "12": {"Dixon": 0, "Rinke": 0, "Soldano": 0, "Kelley": 0, "total": 0, "min_turnout": 6433, "max_turnout": 6433, "county_name": "Branch"}, "13": {"Dixon": 0, "Rinke": 0, "Soldano": 0, "Kelley": 0, "total": 0, "min_turnout": 15768, "max_turnout": 15768, "county_name": "Calhoun"}, "14": {"Dixon": 0, "Rinke": 0, "Soldano": 0, "Kelley": 0, "total": 0, "min_turnout": 6037, "max_turnout": 6037, "county_name": "Cass"}, "15": {"Dixon": 0, "Rinke": 0, "Soldano": 0, "Kelley": 0, "total": 0, "min_turnout": 4876, "max_turnout": 4876, "county_name": "Charlevoix"}, "16": {"Dixon": 0, "Rinke": 0, "Soldano": 0, "Kelley": 0, "total": 0, "min_turnout": 4721, "max_turnout": 4721, "county_name": "Cheboygan"}, "17": {"Dixon": 0, "Rinke": 0, "Soldano": 0, "Kelley": 0, "total": 0, "min_turnout": 4658, "max_turnout": 4658, "county_name": "Chippewa"}, "18": {"Dixon": 0, "Rinke": 0, "Soldano": 0, "Kelley": 0, "total": 0, "min_turnout": 3874, "max_turnout": 3874, "county_name": "Clare"}, "19": {"Dixon": 0, "Rinke": 0, "Soldano": 0, "Kelley": 0, "total": 0, "min_turnout": 12748, "max_turnout": 12748, "county_name": "Clinton"}, "20": {"Dixon": 0, "Rinke": 0, "Soldano": 0, "Kelley": 0, "total": 0, "min_turnout": 2183, "max_turnout": 2183, "county_name": "Crawford"}, "21": {"Dixon": 0, "Rinke": 0, "Soldano": 0, "Kelley": 0, "total": 0, "min_turnout": 4920, "max_turnout": 4920, "county_name": "Delta"}, "22": {"Dixon": 0, "Rinke": 0, "Soldano": 0, "Kelley": 0, "total": 0, "min_turnout": 4353, "max_turnout": 4353, "county_name": "Dickinson"}, "23": {"Dixon": 0, "Rinke": 0, "Soldano": 0, "Kelley": 0, "total": 0, "min_turnout": 16611, "max_turnout": 16611, "county_name": "Eaton"}, "24": {"Dixon": 0, "Rinke": 0, "Soldano": 0, "Kelley": 0, "total": 0, "min_turnout": 6726, "max_turnout": 6726, "county_name": "Emmet"}, "25": {"Dixon": 0, "Rinke": 0, "Soldano": 0, "Kelley": 0, "total": 0, "min_turnout": 34112, "max_turnout": 34112, "county_name": "Genesee"}, "26": {"Dixon": 0, "Rinke": 0, "Soldano": 0, "Kelley": 0, "total": 0, "min_turnout": 4127, "max_turnout": 4127, "county_name": "Gladwin"}, "27": {"Dixon": 0, "Rinke": 0, "Soldano": 0, "Kelley": 0, "total": 0, "min_turnout": 1898, "max_turnout": 1898, "county_name": "Gogebic"}, "28": {"Dixon": 0, "Rinke": 0, "Soldano": 0, "Kelley": 0, "total": 0, "min_turnout": 18182, "max_turnout": 18182, "county_name": "Grand Traverse"}, "29": {"Dixon": 0, "Rinke": 0, "Soldano": 0, "Kelley": 0, "total": 0, "min_turnout": 4830, "max_turnout": 4830, "county_name": "Gratiot"}, "30": {"Dixon": 0, "Rinke": 0, "Soldano": 0, "Kelley": 0, "total": 0, "min_turnout": 6919, "max_turnout": 6919, "county_name": "Hillsdale"}, "31": {"Dixon": 0, "Rinke": 0, "Soldano": 0, "Kelley": 0, "total": 0, "min_turnout": 3994, "max_turnout": 3994, "county_name": "Houghton"}, "32": {"Dixon": 0, "Rinke": 0, "Soldano": 0, "Kelley": 0, "total": 0, "min_turnout": 6387, "max_turnout": 6387, "county_name": "Huron"}, "33": {"Dixon": 0, "Rinke": 0, "Soldano": 0, "Kelley": 0, "total": 0, "min_turnout": 23974, "max_turnout": 23974, "county_name": "Ingham"}, "34": {"Dixon": 0, "Rinke": 0, "Soldano": 0, "Kelley": 0, "total": 0, "min_turnout": 8739, "max_turnout": 8739, "county_name": "Ionia"}, "35": {"Dixon": 0, "Rinke": 0, "Soldano": 0, "Kelley": 0, "total": 0, "min_turnout": 3865, "max_turnout": 3865, "county_name": "Iosco"}, "36": {"Dixon": 0, "Rinke": 0, "Soldano": 0, "Kelley": 0, "total": 0, "min_turnout": 1511, "max_turnout": 1511, "county_name": "Iron"}, "37": {"Dixon": 0, "Rinke": 0, "Soldano": 0, "Kelley": 0, "total": 0, "min_turnout": 7585, "max_turnout": 7585, "county_name": "Isabella"}, "38": {"Dixon": 0, "Rinke": 0, "Soldano": 0, "Kelley": 0, "total": 0, "min_turnout": 23628, "max_turnout": 23628, "county_name": "Jackson"}, "39": {"Dixon": 0, "Rinke": 0, "Soldano": 0, "Kelley": 0, "total": 0, "min_turnout": 31115, "max_turnout": 31115, "county_name": "Kalamazoo"}, "40": {"Dixon": 0, "Rinke": 0, "Soldano": 0, "Kelley": 0, "total": 0, "min_turnout": 2775, "max_turnout": 2775, "county_name": "Kalkaska"}, "41": {"Dixon": 0, "Rinke": 0, "Soldano": 0, "Kelley": 0, "total": 0, "min_turnout": 88579, "max_turnout": 88579, "county_name": "Kent"}, "42": {"Dixon": 0, "Rinke": 0, "Soldano": 0, "Kelley": 0, "total": 0, "min_turnout": 486, "max_turnout": 486, "county_name": "Keweenaw"}, "43": {"Dixon": 0, "Rinke": 0, "Soldano": 0, "Kelley": 0, "total": 0, "min_turnout": 1428, "max_turnout": 1428, "county_name": "Lake"}, "44": {"Dixon": 0, "Rinke": 0, "Soldano": 0, "Kelley": 0, "total": 0, "min_turnout": 16143, "max_turnout": 16143, "county_name": "Lapeer"}, "45": {"Dixon": 0, "Rinke": 0, "Soldano": 0, "Kelley": 0, "total": 0, "min_turnout": 5995, "max_turnout": 5995, "county_name": "Leelanau"}, "46": {"Dixon": 0, "Rinke": 0, "Soldano": 0, "Kelley": 0, "total": 0, "min_turnout": 12330, "max_turnout": 12330, "county_name": "Lenawee"}, "47": {"Dixon": 0, "Rinke": 0, "Soldano": 0, "Kelley": 0, "total": 0, "min_turnout": 40232, "max_turnout": 40232, "county_name": "Livingston"}, "48": {"Dixon": 0, "Rinke": 0, "Soldano": 0, "Kelley": 0, "total": 0, "min_turnout": 1093, "max_turnout": 1093, "county_name": "Luce"}, "49": {"Dixon": 0, "Rinke": 0, "Soldano": 0, "Kelley": 0, "total": 0, "min_turnout": 2124, "max_turnout": 2124, "county_name": "Mackinac"}, "50": {"Dixon": 0, "Rinke": 0, "Soldano": 0, "Kelley": 0, "total": 0, "min_turnout": 118418, "max_turnout": 118418, "county_name": "Macomb"}, "51": {"Dixon": 0, "Rinke": 0, "Soldano": 0, "Kelley": 0, "total": 0, "min_turnout": 3997, "max_turnout": 3997, "county_name": "Manistee"}, "52": {"Dixon": 0, "Rinke": 0, "Soldano": 0, "Kelley": 0, "total": 0, "min_turnout": 7098, "max_turnout": 7098, "county_name": "Marquette"}, "53": {"Dixon": 0, "Rinke": 0, "Soldano": 0, "Kelley": 0, "total": 0, "min_turnout": 5599, "max_turnout": 5599, "county_name": "Mason"}, "54": {"Dixon": 0, "Rinke": 0, "Soldano": 0, "Kelley": 0, "total": 0, "min_turnout": 5803, "max_turnout": 5803, "county_name": "Mecosta"}, "55": {"Dixon": 0, "Rinke": 0, "Soldano": 0, "Kelley": 0, "total": 0, "min_turnout": 2188, "max_turnout": 2188, "county_name": "Menominee"}, "56": {"Dixon": 0, "Rinke": 0, "Soldano": 0, "Kelley": 0, "total": 0, "min_turnout": 14672, "max_turnout": 14672, "county_name": "Midland"}, "57": {"Dixon": 0, "Rinke": 0, "Soldano": 0, "Kelley": 0, "total": 0, "min_turnout": 3403, "max_turnout": 3403, "county_name": "Missaukee"}, "58": {"Dixon": 0, "Rinke": 0, "Soldano": 0, "Kelley": 0, "total": 0, "min_turnout": 19390, "max_turnout": 19390, "county_name": "Monroe"}, "59": {"Dixon": 0, "Rinke": 0, "Soldano": 0, "Kelley": 0, "total": 0, "min_turnout": 8907, "max_turnout": 8907, "county_name": "Montcalm"}, "60": {"Dixon": 0, "Rinke": 0, "Soldano": 0, "Kelley": 0, "total": 0, "min_turnout": 1995, "max_turnout": 1995, "county_name": "Montmorency"}, "61": {"Dixon": 0, "Rinke": 0, "Soldano": 0, "Kelley": 0, "total": 0, "min_turnout": 19881, "max_turnout": 19881, "county_name": "Muskegon"}, "62": {"Dixon": 0, "Rinke": 0, "Soldano": 0, "Kelley": 0, "total": 0, "min_turnout": 8691, "max_turnout": 8691, "county_name": "Newaygo"}, "63": {"Dixon": 0, "Rinke": 0, "Soldano": 0, "Kelley": 0, "total": 0, "min_turnout": 183140, "max_turnout": 183140, "county_name": "Oakland"}, "64": {"Dixon": 0, "Rinke": 0, "Soldano": 0, "Kelley": 0, "total": 0, "min_turnout": 4600, "max_turnout": 4600, "county_name": "Oceana"}, "65": {"Dixon": 0, "Rinke": 0, "Soldano": 0, "Kelley": 0, "total": 0, "min_turnout": 3777, "max_turnout": 3777, "county_name": "Ogemaw"}, "66": {"Dixon": 0, "Rinke": 0, "Soldano": 0, "Kelley": 0, "total": 0, "min_turnout": 1065, "max_turnout": 1065, "county_name": "Ontonagon"}, "67": {"Dixon": 0, "Rinke": 0, "Soldano": 0, "Kelley": 0, "total": 0, "min_turnout": 3842, "max_turnout": 3842, "county_name": "Osceola"}, "68": {"Dixon": 0, "Rinke": 0, "Soldano": 0, "Kelley": 0, "total": 0, "min_turnout": 1518, "max_turnout": 1518, "county_name": "Oscoda"}, "69": {"Dixon": 0, "Rinke": 0, "Soldano": 0, "Kelley": 0, "total": 0, "min_turnout": 4673, "max_turnout": 4673, "county_name": "Otsego"}, "70": {"Dixon": 0, "Rinke": 0, "Soldano": 0, "Kelley": 0, "total": 0, "min_turnout": 56445, "max_turnout": 56445, "county_name": "Ottawa"}, "71": {"Dixon": 0, "Rinke": 0, "Soldano": 0, "Kelley": 0, "total": 0, "min_turnout": 2376, "max_turnout": 2376, "county_name": "Presque Isle"}, "72": {"Dixon": 0, "Rinke": 0, "Soldano": 0, "Kelley": 0, "total": 0, "min_turnout": 4963, "max_turnout": 4963, "county_name": "Roscommon"}, "73": {"Dixon": 0, "Rinke": 0, "Soldano": 0, "Kelley": 0, "total": 0, "min_turnout": 27661, "max_turnout": 27661, "county_name": "Saginaw"}, "74": {"Dixon": 0, "Rinke": 0, "Soldano": 0, "Kelley": 0, "total": 0, "min_turnout": 7538, "max_turnout": 7538, "county_name": "Saint Clair"}, "75": {"Dixon": 0, "Rinke": 0, "Soldano": 0, "Kelley": 0, "total": 0, "min_turnout": 921, "max_turnout": 921, "county_name": "Saint Joseph"}, "76": {"Dixon": 0, "Rinke": 0, "Soldano": 0, "Kelley": 0, "total": 0, "min_turnout": 9020, "max_turnout": 9020, "county_name": "Sanilac"}, "77": {"Dixon": 0, "Rinke": 0, "Soldano": 0, "Kelley": 0, "total": 0, "min_turnout": 25396, "max_turnout": 25396, "county_name": "Schoolcraft"}, "78": {"Dixon": 0, "Rinke": 0, "Soldano": 0, "Kelley": 0, "total": 0, "min_turnout": 6657, "max_turnout": 6657, "county_name": "Shiawassee"}, "79": {"Dixon": 0, "Rinke": 0, "Soldano": 0, "Kelley": 0, "total": 0, "min_turnout": 9038, "max_turnout": 9038, "county_name": "Tuscola"}, "80": {"Dixon": 0, "Rinke": 0, "Soldano": 0, "Kelley": 0, "total": 0, "min_turnout": 10269, "max_turnout": 10269, "county_name": "Van Buren"}, "81": {"Dixon": 0, "Rinke": 0, "Soldano": 0, "Kelley": 0, "total": 0, "min_turnout": 31580, "max_turnout": 31580, "county_name": "Washtenaw"}, "82": {"Dixon": 0, "Rinke": 0, "Soldano": 0, "Kelley": 0, "total": 0, "min_turnout": 119596, "max_turnout": 119596, "county_name": "Wayne"}, "83": {"Dixon": 0, "Rinke": 0, "Soldano": 0, "Kelley": 0, "total": 0, "min_turnout": 5993, "max_turnout": 5993, "county_name": "Wexford"}}}