{"2022-08-01T22:34:30-05:00": {"0": {"county_name": "Total", "Schmitt": 0, "Greitens": 0, "Hartzler": 0, "total": 0, "min_turnout": 1029419, "max_turnout": 1029419}, "1": {"county_name": "Adair", "Schmitt": 0, "Greitens": 0, "Hartzler": 0, "total": 0, "min_turnout": 3675, "max_turnout": 3675}, "2": {"county_name": "Andrew", "Schmitt": 0, "Greitens": 0, "Hartzler": 0, "total": 0, "min_turnout": 4494, "max_turnout": 4494}, "3": {"county_name": "Atchison", "Schmitt": 0, "Greitens": 0, "Hartzler": 0, "total": 0, "min_turnout": 799, "max_turnout": 799}, "4": {"county_name": "Audrain", "Schmitt": 0, "Greitens": 0, "Hartzler": 0, "total": 0, "min_turnout": 3975, "max_turnout": 3975}, "5": {"county_name": "Barry", "Schmitt": 0, "Greitens": 0, "Hartzler": 0, "total": 0, "min_turnout": 5949, "max_turnout": 5949}, "6": {"county_name": "Barton", "Schmitt": 0, "Greitens": 0, "Hartzler": 0, "total": 0, "min_turnout": 2715, "max_turnout": 2715}, "7": {"county_name": "Bates", "Schmitt": 0, "Greitens": 0, "Hartzler": 0, "total": 0, "min_turnout": 3289, "max_turnout": 3289}, "8": {"county_name": "Benton", "Schmitt": 0, "Greitens": 0, "Hartzler": 0, "total": 0, "min_turnout": 4176, "max_turnout": 4176}, "9": {"county_name": "Bollinger", "Schmitt": 0, "Greitens": 0, "Hartzler": 0, "total": 0, "min_turnout": 2351, "max_turnout": 2351}, "10": {"county_name": "Boone", "Schmitt": 0, "Greitens": 0, "Hartzler": 0, "total": 0, "min_turnout": 28263, "max_turnout": 28263}, "11": {"county_name": "Buchanan", "Schmitt": 0, "Greitens": 0, "Hartzler": 0, "total": 0, "min_turnout": 14763, "max_turnout": 14763}, "12": {"county_name": "Butler", "Schmitt": 0, "Greitens": 0, "Hartzler": 0, "total": 0, "min_turnout": 6924, "max_turnout": 6924}, "13": {"county_name": "Caldwell", "Schmitt": 0, "Greitens": 0, "Hartzler": 0, "total": 0, "min_turnout": 2041, "max_turnout": 2041}, "14": {"county_name": "Callaway", "Schmitt": 0, "Greitens": 0, "Hartzler": 0, "total": 0, "min_turnout": 8827, "max_turnout": 8827}, "15": {"county_name": "Camden", "Schmitt": 0, "Greitens": 0, "Hartzler": 0, "total": 0, "min_turnout": 9635, "max_turnout": 9635}, "16": {"county_name": "Cape Girardeau", "Schmitt": 0, "Greitens": 0, "Hartzler": 0, "total": 0, "min_turnout": 14825, "max_turnout": 14825}, "17": {"county_name": "Carroll", "Schmitt": 0, "Greitens": 0, "Hartzler": 0, "total": 0, "min_turnout": 2311, "max_turnout": 2311}, "18": {"county_name": "Carter", "Schmitt": 0, "Greitens": 0, "Hartzler": 0, "total": 0, "min_turnout": 1184, "max_turnout": 1184}, "19": {"county_name": "Cass", "Schmitt": 0, "Greitens": 0, "Hartzler": 0, "total": 0, "min_turnout": 21991, "max_turnout": 21991}, "20": {"county_name": "Cedar", "Schmitt": 0, "Greitens": 0, "Hartzler": 0, "total": 0, "min_turnout": 2684, "max_turnout": 2684}, "21": {"county_name": "Chariton", "Schmitt": 0, "Greitens": 0, "Hartzler": 0, "total": 0, "min_turnout": 1977, "max_turnout": 1977}, "22": {"county_name": "Christian", "Schmitt": 0, "Greitens": 0, "Hartzler": 0, "total": 0, "min_turnout": 15476, "max_turnout": 15476}, "23": {"county_name": "Clark", "Schmitt": 0, "Greitens": 0, "Hartzler": 0, "total": 0, "min_turnout": 1441, "max_turnout": 1441}, "24": {"county_name": "Clay", "Schmitt": 0, "Greitens": 0, "Hartzler": 0, "total": 0, "min_turnout": 39092, "max_turnout": 39092}, "25": {"county_name": "Clinton", "Schmitt": 0, "Greitens": 0, "Hartzler": 0, "total": 0, "min_turnout": 4581, "max_turnout": 4581}, "26": {"county_name": "Cole", "Schmitt": 0, "Greitens": 0, "Hartzler": 0, "total": 0, "min_turnout": 19793, "max_turnout": 19793}, "27": {"county_name": "Cooper", "Schmitt": 0, "Greitens": 0, "Hartzler": 0, "total": 0, "min_turnout": 3930, "max_turnout": 3930}, "28": {"county_name": "Crawford", "Schmitt": 0, "Greitens": 0, "Hartzler": 0, "total": 0, "min_turnout": 4644, "max_turnout": 4644}, "29": {"county_name": "Dade", "Schmitt": 0, "Greitens": 0, "Hartzler": 0, "total": 0, "min_turnout": 1824, "max_turnout": 1824}, "30": {"county_name": "Dallas", "Schmitt": 0, "Greitens": 0, "Hartzler": 0, "total": 0, "min_turnout": 3354, "max_turnout": 3354}, "31": {"county_name": "Daviess", "Schmitt": 0, "Greitens": 0, "Hartzler": 0, "total": 0, "min_turnout": 1574, "max_turnout": 1574}, "32": {"county_name": "DeKalb", "Schmitt": 0, "Greitens": 0, "Hartzler": 0, "total": 0, "min_turnout": 2436, "max_turnout": 2436}, "33": {"county_name": "Dent", "Schmitt": 0, "Greitens": 0, "Hartzler": 0, "total": 0, "min_turnout": 3130, "max_turnout": 3130}, "34": {"county_name": "Douglas", "Schmitt": 0, "Greitens": 0, "Hartzler": 0, "total": 0, "min_turnout": 2430, "max_turnout": 2430}, "35": {"county_name": "Dunklin", "Schmitt": 0, "Greitens": 0, "Hartzler": 0, "total": 0, "min_turnout": 4269, "max_turnout": 4269}, "36": {"county_name": "Franklin", "Schmitt": 0, "Greitens": 0, "Hartzler": 0, "total": 0, "min_turnout": 27307, "max_turnout": 27307}, "37": {"county_name": "Gasconade", "Schmitt": 0, "Greitens": 0, "Hartzler": 0, "total": 0, "min_turnout": 3769, "max_turnout": 3769}, "38": {"county_name": "Gentry", "Schmitt": 0, "Greitens": 0, "Hartzler": 0, "total": 0, "min_turnout": 1707, "max_turnout": 1707}, "39": {"county_name": "Greene", "Schmitt": 0, "Greitens": 0, "Hartzler": 0, "total": 0, "min_turnout": 46487, "max_turnout": 46487}, "40": {"county_name": "Grundy", "Schmitt": 0, "Greitens": 0, "Hartzler": 0, "total": 0, "min_turnout": 1789, "max_turnout": 1789}, "41": {"county_name": "Harrison", "Schmitt": 0, "Greitens": 0, "Hartzler": 0, "total": 0, "min_turnout": 1609, "max_turnout": 1609}, "42": {"county_name": "Henry", "Schmitt": 0, "Greitens": 0, "Hartzler": 0, "total": 0, "min_turnout": 4903, "max_turnout": 4903}, "43": {"county_name": "Hickory", "Schmitt": 0, "Greitens": 0, "Hartzler": 0, "total": 0, "min_turnout": 1868, "max_turnout": 1868}, "44": {"county_name": "Holt", "Schmitt": 0, "Greitens": 0, "Hartzler": 0, "total": 0, "min_turnout": 1329, "max_turnout": 1329}, "45": {"county_name": "Howard", "Schmitt": 0, "Greitens": 0, "Hartzler": 0, "total": 0, "min_turnout": 2512, "max_turnout": 2512}, "46": {"county_name": "Howell", "Schmitt": 0, "Greitens": 0, "Hartzler": 0, "total": 0, "min_turnout": 7307, "max_turnout": 7307}, "47": {"county_name": "Iron", "Schmitt": 0, "Greitens": 0, "Hartzler": 0, "total": 0, "min_turnout": 1638, "max_turnout": 1638}, "48": {"county_name": "Jackson", "Schmitt": 0, "Greitens": 0, "Hartzler": 0, "total": 0, "min_turnout": 79345, "max_turnout": 79345}, "49": {"county_name": "Jasper", "Schmitt": 0, "Greitens": 0, "Hartzler": 0, "total": 0, "min_turnout": 16538, "max_turnout": 16538}, "50": {"county_name": "Jefferson", "Schmitt": 0, "Greitens": 0, "Hartzler": 0, "total": 0, "min_turnout": 51667, "max_turnout": 51667}, "51": {"county_name": "Johnson", "Schmitt": 0, "Greitens": 0, "Hartzler": 0, "total": 0, "min_turnout": 7904, "max_turnout": 7904}, "52": {"county_name": "Knox", "Schmitt": 0, "Greitens": 0, "Hartzler": 0, "total": 0, "min_turnout": 795, "max_turnout": 795}, "53": {"county_name": "Laclede", "Schmitt": 0, "Greitens": 0, "Hartzler": 0, "total": 0, "min_turnout": 7613, "max_turnout": 7613}, "54": {"county_name": "Lafayette", "Schmitt": 0, "Greitens": 0, "Hartzler": 0, "total": 0, "min_turnout": 6559, "max_turnout": 6559}, "55": {"county_name": "Lawrence", "Schmitt": 0, "Greitens": 0, "Hartzler": 0, "total": 0, "min_turnout": 6213, "max_turnout": 6213}, "56": {"county_name": "Lewis", "Schmitt": 0, "Greitens": 0, "Hartzler": 0, "total": 0, "min_turnout": 1751, "max_turnout": 1751}, "57": {"county_name": "Lincoln", "Schmitt": 0, "Greitens": 0, "Hartzler": 0, "total": 0, "min_turnout": 14641, "max_turnout": 14641}, "58": {"county_name": "Linn", "Schmitt": 0, "Greitens": 0, "Hartzler": 0, "total": 0, "min_turnout": 2299, "max_turnout": 2299}, "59": {"county_name": "Livingston", "Schmitt": 0, "Greitens": 0, "Hartzler": 0, "total": 0, "min_turnout": 2799, "max_turnout": 2799}, "60": {"county_name": "Macon", "Schmitt": 0, "Greitens": 0, "Hartzler": 0, "total": 0, "min_turnout": 2132, "max_turnout": 2132}, "61": {"county_name": "Madison", "Schmitt": 0, "Greitens": 0, "Hartzler": 0, "total": 0, "min_turnout": 2227, "max_turnout": 2227}, "62": {"county_name": "Maries", "Schmitt": 0, "Greitens": 0, "Hartzler": 0, "total": 0, "min_turnout": 5309, "max_turnout": 5309}, "63": {"county_name": "Marion", "Schmitt": 0, "Greitens": 0, "Hartzler": 0, "total": 0, "min_turnout": 2537, "max_turnout": 2537}, "64": {"county_name": "McDonald", "Schmitt": 0, "Greitens": 0, "Hartzler": 0, "total": 0, "min_turnout": 4147, "max_turnout": 4147}, "65": {"county_name": "Mercer", "Schmitt": 0, "Greitens": 0, "Hartzler": 0, "total": 0, "min_turnout": 378, "max_turnout": 378}, "66": {"county_name": "Miller", "Schmitt": 0, "Greitens": 0, "Hartzler": 0, "total": 0, "min_turnout": 4974, "max_turnout": 4974}, "67": {"county_name": "Mississippi", "Schmitt": 0, "Greitens": 0, "Hartzler": 0, "total": 0, "min_turnout": 1578, "max_turnout": 1578}, "68": {"county_name": "Moniteau", "Schmitt": 0, "Greitens": 0, "Hartzler": 0, "total": 0, "min_turnout": 3821, "max_turnout": 3821}, "69": {"county_name": "Monroe", "Schmitt": 0, "Greitens": 0, "Hartzler": 0, "total": 0, "min_turnout": 2195, "max_turnout": 2195}, "70": {"county_name": "Montgomery", "Schmitt": 0, "Greitens": 0, "Hartzler": 0, "total": 0, "min_turnout": 2745, "max_turnout": 2745}, "71": {"county_name": "Morgan", "Schmitt": 0, "Greitens": 0, "Hartzler": 0, "total": 0, "min_turnout": 3363, "max_turnout": 3363}, "72": {"county_name": "New Madrid", "Schmitt": 0, "Greitens": 0, "Hartzler": 0, "total": 0, "min_turnout": 2125, "max_turnout": 2125}, "73": {"county_name": "Newton", "Schmitt": 0, "Greitens": 0, "Hartzler": 0, "total": 0, "min_turnout": 10963, "max_turnout": 10963}, "74": {"county_name": "Nodaway", "Schmitt": 0, "Greitens": 0, "Hartzler": 0, "total": 0, "min_turnout": 3510, "max_turnout": 3510}, "75": {"county_name": "Oregon", "Schmitt": 0, "Greitens": 0, "Hartzler": 0, "total": 0, "min_turnout": 1456, "max_turnout": 1456}, "76": {"county_name": "Osage", "Schmitt": 0, "Greitens": 0, "Hartzler": 0, "total": 0, "min_turnout": 3924, "max_turnout": 3924}, "77": {"county_name": "Ozark", "Schmitt": 0, "Greitens": 0, "Hartzler": 0, "total": 0, "min_turnout": 1870, "max_turnout": 1870}, "78": {"county_name": "Pemiscot", "Schmitt": 0, "Greitens": 0, "Hartzler": 0, "total": 0, "min_turnout": 1554, "max_turnout": 1554}, "79": {"county_name": "Perry", "Schmitt": 0, "Greitens": 0, "Hartzler": 0, "total": 0, "min_turnout": 4634, "max_turnout": 4634}, "80": {"county_name": "Pettis", "Schmitt": 0, "Greitens": 0, "Hartzler": 0, "total": 0, "min_turnout": 6264, "max_turnout": 6264}, "81": {"county_name": "Phelps", "Schmitt": 0, "Greitens": 0, "Hartzler": 0, "total": 0, "min_turnout": 8383, "max_turnout": 8383}, "82": {"county_name": "Pike", "Schmitt": 0, "Greitens": 0, "Hartzler": 0, "total": 0, "min_turnout": 3577, "max_turnout": 3577}, "83": {"county_name": "Platte", "Schmitt": 0, "Greitens": 0, "Hartzler": 0, "total": 0, "min_turnout": 19335, "max_turnout": 19335}, "84": {"county_name": "Polk", "Schmitt": 0, "Greitens": 0, "Hartzler": 0, "total": 0, "min_turnout": 5333, "max_turnout": 5333}, "85": {"county_name": "Pulaski", "Schmitt": 0, "Greitens": 0, "Hartzler": 0, "total": 0, "min_turnout": 4330, "max_turnout": 4330}, "86": {"county_name": "Putnam", "Schmitt": 0, "Greitens": 0, "Hartzler": 0, "total": 0, "min_turnout": 745, "max_turnout": 745}, "87": {"county_name": "Ralls", "Schmitt": 0, "Greitens": 0, "Hartzler": 0, "total": 0, "min_turnout": 2415, "max_turnout": 2415}, "88": {"county_name": "Randolph", "Schmitt": 0, "Greitens": 0, "Hartzler": 0, "total": 0, "min_turnout": 4131, "max_turnout": 4131}, "89": {"county_name": "Ray", "Schmitt": 0, "Greitens": 0, "Hartzler": 0, "total": 0, "min_turnout": 5109, "max_turnout": 5109}, "90": {"county_name": "Reynolds", "Schmitt": 0, "Greitens": 0, "Hartzler": 0, "total": 0, "min_turnout": 1225, "max_turnout": 1225}, "91": {"county_name": "Ripley", "Schmitt": 0, "Greitens": 0, "Hartzler": 0, "total": 0, "min_turnout": 1690, "max_turnout": 1690}, "92": {"county_name": "Saint Charles", "Schmitt": 0, "Greitens": 0, "Hartzler": 0, "total": 0, "min_turnout": 3272, "max_turnout": 3272}, "93": {"county_name": "Saint Clair", "Schmitt": 0, "Greitens": 0, "Hartzler": 0, "total": 0, "min_turnout": 728, "max_turnout": 728}, "94": {"county_name": "Saint Francois", "Schmitt": 0, "Greitens": 0, "Hartzler": 0, "total": 0, "min_turnout": 6513, "max_turnout": 6513}, "95": {"county_name": "Saint Louis", "Schmitt": 0, "Greitens": 0, "Hartzler": 0, "total": 0, "min_turnout": 1226, "max_turnout": 1226}, "96": {"county_name": "Saint Louis City", "Schmitt": 0, "Greitens": 0, "Hartzler": 0, "total": 0, "min_turnout": 3216, "max_turnout": 3216}, "97": {"county_name": "Saline", "Schmitt": 0, "Greitens": 0, "Hartzler": 0, "total": 0, "min_turnout": 2099, "max_turnout": 2099}, "98": {"county_name": "Schuyler", "Schmitt": 0, "Greitens": 0, "Hartzler": 0, "total": 0, "min_turnout": 99674, "max_turnout": 99674}, "99": {"county_name": "Scotland", "Schmitt": 0, "Greitens": 0, "Hartzler": 0, "total": 0, "min_turnout": 2019, "max_turnout": 2019}, "100": {"county_name": "Scott", "Schmitt": 0, "Greitens": 0, "Hartzler": 0, "total": 0, "min_turnout": 10010, "max_turnout": 10010}, "101": {"county_name": "Shannon", "Schmitt": 0, "Greitens": 0, "Hartzler": 0, "total": 0, "min_turnout": 149794, "max_turnout": 149794}, "102": {"county_name": "Shelby", "Schmitt": 0, "Greitens": 0, "Hartzler": 0, "total": 0, "min_turnout": 11600, "max_turnout": 11600}, "103": {"county_name": "Ste. Genevieve", "Schmitt": 0, "Greitens": 0, "Hartzler": 0, "total": 0, "min_turnout": 673, "max_turnout": 673}, "104": {"county_name": "Stoddard", "Schmitt": 0, "Greitens": 0, "Hartzler": 0, "total": 0, "min_turnout": 4754, "max_turnout": 4754}, "105": {"county_name": "Stone", "Schmitt": 0, "Greitens": 0, "Hartzler": 0, "total": 0, "min_turnout": 5064, "max_turnout": 5064}, "106": {"county_name": "Sullivan", "Schmitt": 0, "Greitens": 0, "Hartzler": 0, "total": 0, "min_turnout": 6275, "max_turnout": 6275}, "107": {"county_name": "Taney", "Schmitt": 0, "Greitens": 0, "Hartzler": 0, "total": 0, "min_turnout": 909, "max_turnout": 909}, "108": {"county_name": "Texas", "Schmitt": 0, "Greitens": 0, "Hartzler": 0, "total": 0, "min_turnout": 8623, "max_turnout": 8623}, "109": {"county_name": "Vernon", "Schmitt": 0, "Greitens": 0, "Hartzler": 0, "total": 0, "min_turnout": 4291, "max_turnout": 4291}, "110": {"county_name": "Warren", "Schmitt": 0, "Greitens": 0, "Hartzler": 0, "total": 0, "min_turnout": 2654, "max_turnout": 2654}, "111": {"county_name": "Washington", "Schmitt": 0, "Greitens": 0, "Hartzler": 0, "total": 0, "min_turnout": 9377, "max_turnout": 9377}, "112": {"county_name": "Wayne", "Schmitt": 0, "Greitens": 0, "Hartzler": 0, "total": 0, "min_turnout": 3776, "max_turnout": 3776}, "113": {"county_name": "Webster", "Schmitt": 0, "Greitens": 0, "Hartzler": 0, "total": 0, "min_turnout": 2065, "max_turnout": 2065}, "114": {"county_name": "Worth", "Schmitt": 0, "Greitens": 0, "Hartzler": 0, "total": 0, "min_turnout": 7167, "max_turnout": 7167}, "115": {"county_name": "Wright", "Schmitt": 0, "Greitens": 0, "Hartzler": 0, "total": 0, "min_turnout": 490, "max_turnout": 490}}}