{"data": [{"county_name": "Total", "Kent": 0, "Herrera Beutler": 0, "Perez": 0, "total": 0}, {"county_name": "Clark", "Kent": 0, "Herrera Beutler": 0, "Perez": 0, "total": 0}, {"county_name": "Cowlitz", "Kent": 0, "Herrera Beutler": 0, "Perez": 0, "total": 0}, {"county_name": "Lewis", "Kent": 0, "Herrera Beutler": 0, "Perez": 0, "total": 0}, {"county_name": "Pacific", "Kent": 0, "Herrera Beutler": 0, "Perez": 0, "total": 0}, {"county_name": "Skamania", "Kent": 0, "Herrera Beutler": 0, "Perez": 0, "total": 0}, {"county_name": "Thurston", "Kent": 0, "Herrera Beutler": 0, "Perez": 0, "total": 0}, {"county_name": "Wahkiakum", "Kent": 0, "Herrera Beutler": 0, "Perez": 0, "total": 0}], "sources": "cnn", "labels": {"Total": {"main": "nyt"}, "Clark": {"main": "cnn"}, "Cowlitz": {"main": "cnn"}, "Lewis": {"main": "cnn"}, "Pacific": {"main": "cnn"}, "Skamania": {"main": "cnn"}, "Thurston": {"main": "cnn"}, "Wahkiakum": {"main": "cnn"}}}