{"2022-08-02T10:07:06-05:00": {"0": {"county_name": "Total", "Yes": 0, "No": 0, "total": 0, "min_turnout": 541320, "max_turnout": 541320}, "1": {"county_name": "Allen", "Yes": 0, "No": 0, "total": 0, "min_turnout": 2506, "max_turnout": 2506}, "2": {"county_name": "Anderson", "Yes": 0, "No": 0, "total": 0, "min_turnout": 1428, "max_turnout": 1428}, "3": {"county_name": "Atchison", "Yes": 0, "No": 0, "total": 0, "min_turnout": 2666, "max_turnout": 2666}, "4": {"county_name": "Barber", "Yes": 0, "No": 0, "total": 0, "min_turnout": 1148, "max_turnout": 1148}, "5": {"county_name": "Barton", "Yes": 0, "No": 0, "total": 0, "min_turnout": 5069, "max_turnout": 5069}, "6": {"county_name": "Bourbon", "Yes": 0, "No": 0, "total": 0, "min_turnout": 2570, "max_turnout": 2570}, "7": {"county_name": "Brown", "Yes": 0, "No": 0, "total": 0, "min_turnout": 2167, "max_turnout": 2167}, "8": {"county_name": "Butler", "Yes": 0, "No": 0, "total": 0, "min_turnout": 12617, "max_turnout": 12617}, "9": {"county_name": "Chase", "Yes": 0, "No": 0, "total": 0, "min_turnout": 772, "max_turnout": 772}, "10": {"county_name": "Chautauqua", "Yes": 0, "No": 0, "total": 0, "min_turnout": 752, "max_turnout": 752}, "11": {"county_name": "Cherokee", "Yes": 0, "No": 0, "total": 0, "min_turnout": 3371, "max_turnout": 3371}, "12": {"county_name": "Cheyenne", "Yes": 0, "No": 0, "total": 0, "min_turnout": 633, "max_turnout": 633}, "13": {"county_name": "Clark", "Yes": 0, "No": 0, "total": 0, "min_turnout": 543, "max_turnout": 543}, "14": {"county_name": "Clay", "Yes": 0, "No": 0, "total": 0, "min_turnout": 2421, "max_turnout": 2421}, "15": {"county_name": "Cloud", "Yes": 0, "No": 0, "total": 0, "min_turnout": 1998, "max_turnout": 1998}, "16": {"county_name": "Coffey", "Yes": 0, "No": 0, "total": 0, "min_turnout": 2141, "max_turnout": 2141}, "17": {"county_name": "Comanche", "Yes": 0, "No": 0, "total": 0, "min_turnout": 478, "max_turnout": 478}, "18": {"county_name": "Cowley", "Yes": 0, "No": 0, "total": 0, "min_turnout": 5766, "max_turnout": 5766}, "19": {"county_name": "Crawford", "Yes": 0, "No": 0, "total": 0, "min_turnout": 6063, "max_turnout": 6063}, "20": {"county_name": "Decatur", "Yes": 0, "No": 0, "total": 0, "min_turnout": 609, "max_turnout": 609}, "21": {"county_name": "Dickinson", "Yes": 0, "No": 0, "total": 0, "min_turnout": 4365, "max_turnout": 4365}, "22": {"county_name": "Doniphan", "Yes": 0, "No": 0, "total": 0, "min_turnout": 1688, "max_turnout": 1688}, "23": {"county_name": "Douglas", "Yes": 0, "No": 0, "total": 0, "min_turnout": 22873, "max_turnout": 22873}, "24": {"county_name": "Edwards", "Yes": 0, "No": 0, "total": 0, "min_turnout": 695, "max_turnout": 695}, "25": {"county_name": "Elk", "Yes": 0, "No": 0, "total": 0, "min_turnout": 757, "max_turnout": 757}, "26": {"county_name": "Ellis", "Yes": 0, "No": 0, "total": 0, "min_turnout": 5004, "max_turnout": 5004}, "27": {"county_name": "Ellsworth", "Yes": 0, "No": 0, "total": 0, "min_turnout": 1592, "max_turnout": 1592}, "28": {"county_name": "Finney", "Yes": 0, "No": 0, "total": 0, "min_turnout": 3528, "max_turnout": 3528}, "29": {"county_name": "Ford", "Yes": 0, "No": 0, "total": 0, "min_turnout": 2699, "max_turnout": 2699}, "30": {"county_name": "Franklin", "Yes": 0, "No": 0, "total": 0, "min_turnout": 5297, "max_turnout": 5297}, "31": {"county_name": "Geary", "Yes": 0, "No": 0, "total": 0, "min_turnout": 2458, "max_turnout": 2458}, "32": {"county_name": "Gove", "Yes": 0, "No": 0, "total": 0, "min_turnout": 729, "max_turnout": 729}, "33": {"county_name": "Graham", "Yes": 0, "No": 0, "total": 0, "min_turnout": 606, "max_turnout": 606}, "34": {"county_name": "Grant", "Yes": 0, "No": 0, "total": 0, "min_turnout": 1223, "max_turnout": 1223}, "35": {"county_name": "Gray", "Yes": 0, "No": 0, "total": 0, "min_turnout": 957, "max_turnout": 957}, "36": {"county_name": "Greeley", "Yes": 0, "No": 0, "total": 0, "min_turnout": 285, "max_turnout": 285}, "37": {"county_name": "Greenwood", "Yes": 0, "No": 0, "total": 0, "min_turnout": 1547, "max_turnout": 1547}, "38": {"county_name": "Hamilton", "Yes": 0, "No": 0, "total": 0, "min_turnout": 305, "max_turnout": 305}, "39": {"county_name": "Harper", "Yes": 0, "No": 0, "total": 0, "min_turnout": 1118, "max_turnout": 1118}, "40": {"county_name": "Harvey", "Yes": 0, "No": 0, "total": 0, "min_turnout": 7916, "max_turnout": 7916}, "41": {"county_name": "Haskell", "Yes": 0, "No": 0, "total": 0, "min_turnout": 743, "max_turnout": 743}, "42": {"county_name": "Hodgeman", "Yes": 0, "No": 0, "total": 0, "min_turnout": 494, "max_turnout": 494}, "43": {"county_name": "Jackson", "Yes": 0, "No": 0, "total": 0, "min_turnout": 2981, "max_turnout": 2981}, "44": {"county_name": "Jefferson", "Yes": 0, "No": 0, "total": 0, "min_turnout": 3965, "max_turnout": 3965}, "45": {"county_name": "Jewell", "Yes": 0, "No": 0, "total": 0, "min_turnout": 603, "max_turnout": 603}, "46": {"county_name": "Johnson", "Yes": 0, "No": 0, "total": 0, "min_turnout": 132863, "max_turnout": 132863}, "47": {"county_name": "Kearny", "Yes": 0, "No": 0, "total": 0, "min_turnout": 633, "max_turnout": 633}, "48": {"county_name": "Kingman", "Yes": 0, "No": 0, "total": 0, "min_turnout": 1813, "max_turnout": 1813}, "49": {"county_name": "Kiowa", "Yes": 0, "No": 0, "total": 0, "min_turnout": 690, "max_turnout": 690}, "50": {"county_name": "Labette", "Yes": 0, "No": 0, "total": 0, "min_turnout": 2962, "max_turnout": 2962}, "51": {"county_name": "Lane", "Yes": 0, "No": 0, "total": 0, "min_turnout": 544, "max_turnout": 544}, "52": {"county_name": "Leavenworth", "Yes": 0, "No": 0, "total": 0, "min_turnout": 12637, "max_turnout": 12637}, "53": {"county_name": "Lincoln", "Yes": 0, "No": 0, "total": 0, "min_turnout": 905, "max_turnout": 905}, "54": {"county_name": "Linn", "Yes": 0, "No": 0, "total": 0, "min_turnout": 2121, "max_turnout": 2121}, "55": {"county_name": "Logan", "Yes": 0, "No": 0, "total": 0, "min_turnout": 801, "max_turnout": 801}, "56": {"county_name": "Lyon", "Yes": 0, "No": 0, "total": 0, "min_turnout": 5574, "max_turnout": 5574}, "57": {"county_name": "Marion", "Yes": 0, "No": 0, "total": 0, "min_turnout": 2345, "max_turnout": 2345}, "58": {"county_name": "Marshall", "Yes": 0, "No": 0, "total": 0, "min_turnout": 6530, "max_turnout": 6530}, "59": {"county_name": "McPherson", "Yes": 0, "No": 0, "total": 0, "min_turnout": 3062, "max_turnout": 3062}, "60": {"county_name": "Meade", "Yes": 0, "No": 0, "total": 0, "min_turnout": 774, "max_turnout": 774}, "61": {"county_name": "Miami", "Yes": 0, "No": 0, "total": 0, "min_turnout": 6550, "max_turnout": 6550}, "62": {"county_name": "Mitchell", "Yes": 0, "No": 0, "total": 0, "min_turnout": 1725, "max_turnout": 1725}, "63": {"county_name": "Montgomery", "Yes": 0, "No": 0, "total": 0, "min_turnout": 4791, "max_turnout": 4791}, "64": {"county_name": "Morris", "Yes": 0, "No": 0, "total": 0, "min_turnout": 1436, "max_turnout": 1436}, "65": {"county_name": "Morton", "Yes": 0, "No": 0, "total": 0, "min_turnout": 543, "max_turnout": 543}, "66": {"county_name": "Nemaha", "Yes": 0, "No": 0, "total": 0, "min_turnout": 2604, "max_turnout": 2604}, "67": {"county_name": "Neosho", "Yes": 0, "No": 0, "total": 0, "min_turnout": 2577, "max_turnout": 2577}, "68": {"county_name": "Ness", "Yes": 0, "No": 0, "total": 0, "min_turnout": 799, "max_turnout": 799}, "69": {"county_name": "Norton", "Yes": 0, "No": 0, "total": 0, "min_turnout": 1343, "max_turnout": 1343}, "70": {"county_name": "Osage", "Yes": 0, "No": 0, "total": 0, "min_turnout": 3478, "max_turnout": 3478}, "71": {"county_name": "Osborne", "Yes": 0, "No": 0, "total": 0, "min_turnout": 836, "max_turnout": 836}, "72": {"county_name": "Ottawa", "Yes": 0, "No": 0, "total": 0, "min_turnout": 1585, "max_turnout": 1585}, "73": {"county_name": "Pawnee", "Yes": 0, "No": 0, "total": 0, "min_turnout": 1391, "max_turnout": 1391}, "74": {"county_name": "Phillips", "Yes": 0, "No": 0, "total": 0, "min_turnout": 1569, "max_turnout": 1569}, "75": {"county_name": "Pottawatomie", "Yes": 0, "No": 0, "total": 0, "min_turnout": 5612, "max_turnout": 5612}, "76": {"county_name": "Pratt", "Yes": 0, "No": 0, "total": 0, "min_turnout": 2215, "max_turnout": 2215}, "77": {"county_name": "Rawlins", "Yes": 0, "No": 0, "total": 0, "min_turnout": 805, "max_turnout": 805}, "78": {"county_name": "Reno", "Yes": 0, "No": 0, "total": 0, "min_turnout": 12057, "max_turnout": 12057}, "79": {"county_name": "Republic", "Yes": 0, "No": 0, "total": 0, "min_turnout": 1119, "max_turnout": 1119}, "80": {"county_name": "Rice", "Yes": 0, "No": 0, "total": 0, "min_turnout": 1937, "max_turnout": 1937}, "81": {"county_name": "Riley", "Yes": 0, "No": 0, "total": 0, "min_turnout": 9096, "max_turnout": 9096}, "82": {"county_name": "Rooks", "Yes": 0, "No": 0, "total": 0, "min_turnout": 1389, "max_turnout": 1389}, "83": {"county_name": "Rush", "Yes": 0, "No": 0, "total": 0, "min_turnout": 730, "max_turnout": 730}, "84": {"county_name": "Russell", "Yes": 0, "No": 0, "total": 0, "min_turnout": 1885, "max_turnout": 1885}, "85": {"county_name": "Saline", "Yes": 0, "No": 0, "total": 0, "min_turnout": 9783, "max_turnout": 9783}, "86": {"county_name": "Scott", "Yes": 0, "No": 0, "total": 0, "min_turnout": 1112, "max_turnout": 1112}, "87": {"county_name": "Sedgwick", "Yes": 0, "No": 0, "total": 0, "min_turnout": 75757, "max_turnout": 75757}, "88": {"county_name": "Seward", "Yes": 0, "No": 0, "total": 0, "min_turnout": 1975, "max_turnout": 1975}, "89": {"county_name": "Shawnee", "Yes": 0, "No": 0, "total": 0, "min_turnout": 38768, "max_turnout": 38768}, "90": {"county_name": "Sheridan", "Yes": 0, "No": 0, "total": 0, "min_turnout": 749, "max_turnout": 749}, "91": {"county_name": "Sherman", "Yes": 0, "No": 0, "total": 0, "min_turnout": 1260, "max_turnout": 1260}, "92": {"county_name": "Smith", "Yes": 0, "No": 0, "total": 0, "min_turnout": 1002, "max_turnout": 1002}, "93": {"county_name": "Stafford", "Yes": 0, "No": 0, "total": 0, "min_turnout": 1291, "max_turnout": 1291}, "94": {"county_name": "Stanton", "Yes": 0, "No": 0, "total": 0, "min_turnout": 493, "max_turnout": 493}, "95": {"county_name": "Stevens", "Yes": 0, "No": 0, "total": 0, "min_turnout": 938, "max_turnout": 938}, "96": {"county_name": "Sumner", "Yes": 0, "No": 0, "total": 0, "min_turnout": 4161, "max_turnout": 4161}, "97": {"county_name": "Thomas", "Yes": 0, "No": 0, "total": 0, "min_turnout": 1786, "max_turnout": 1786}, "98": {"county_name": "Trego", "Yes": 0, "No": 0, "total": 0, "min_turnout": 740, "max_turnout": 740}, "99": {"county_name": "Wabaunsee", "Yes": 0, "No": 0, "total": 0, "min_turnout": 2053, "max_turnout": 2053}, "100": {"county_name": "Wallace", "Yes": 0, "No": 0, "total": 0, "min_turnout": 478, "max_turnout": 478}, "101": {"county_name": "Washington", "Yes": 0, "No": 0, "total": 0, "min_turnout": 1511, "max_turnout": 1511}, "102": {"county_name": "Wichita", "Yes": 0, "No": 0, "total": 0, "min_turnout": 474, "max_turnout": 474}, "103": {"county_name": "Wilson", "Yes": 0, "No": 0, "total": 0, "min_turnout": 1964, "max_turnout": 1964}, "104": {"county_name": "Woodson", "Yes": 0, "No": 0, "total": 0, "min_turnout": 906, "max_turnout": 906}, "105": {"county_name": "Wyandotte", "Yes": 0, "No": 0, "total": 0, "min_turnout": 21647, "max_turnout": 21647}}}