{"data": [{"county_name": "Total", "Lake": 0, "Robson": 0, "total": 0, "min_turnout": 760713, "max_turnout": 760713}, {"county_name": "Apache", "Lake": 0, "Robson": 0, "total": 0, "min_turnout": 5627, "max_turnout": 5627}, {"county_name": "Cochise", "Lake": 0, "Robson": 0, "total": 0, "min_turnout": 19034, "max_turnout": 19034}, {"county_name": "Coconino", "Lake": 0, "Robson": 0, "total": 0, "min_turnout": 12726, "max_turnout": 12726}, {"county_name": "Gila", "Lake": 0, "Robson": 0, "total": 0, "min_turnout": 10653, "max_turnout": 10653}, {"county_name": "Graham", "Lake": 0, "Robson": 0, "total": 0, "min_turnout": 5131, "max_turnout": 5131}, {"county_name": "Greenlee", "Lake": 0, "Robson": 0, "total": 0, "min_turnout": 762, "max_turnout": 762}, {"county_name": "La Paz", "Lake": 0, "Robson": 0, "total": 0, "min_turnout": 2225, "max_turnout": 2225}, {"county_name": "Maricopa", "Lake": 0, "Robson": 0, "total": 0, "min_turnout": 434098, "max_turnout": 434098}, {"county_name": "Mohave", "Lake": 0, "Robson": 0, "total": 0, "min_turnout": 35186, "max_turnout": 35186}, {"county_name": "Navajo", "Lake": 0, "Robson": 0, "total": 0, "min_turnout": 14713, "max_turnout": 14713}, {"county_name": "Pima", "Lake": 0, "Robson": 0, "total": 0, "min_turnout": 111887, "max_turnout": 111887}, {"county_name": "Pinal", "Lake": 0, "Robson": 0, "total": 0, "min_turnout": 39229, "max_turnout": 39229}, {"county_name": "Santa Cruz", "Lake": 0, "Robson": 0, "total": 0, "min_turnout": 2432, "max_turnout": 2432}, {"county_name": "Yavapai", "Lake": 0, "Robson": 0, "total": 0, "min_turnout": 53766, "max_turnout": 53766}, {"county_name": "Yuma", "Lake": 0, "Robson": 0, "total": 0, "min_turnout": 13244, "max_turnout": 13244}], "sources": "cnn, ddhq", "labels": {"Total": {"main": "nyt"}, "Apache": {"main": "cnn", "min": "ddhq", "max": "ddhq"}, "Cochise": {"main": "cnn", "min": "ddhq", "max": "ddhq"}, "Coconino": {"main": "cnn", "min": "ddhq", "max": "ddhq"}, "Gila": {"main": "cnn", "min": "ddhq", "max": "ddhq"}, "Graham": {"main": "cnn", "min": "ddhq", "max": "ddhq"}, "Greenlee": {"main": "cnn", "min": "ddhq", "max": "ddhq"}, "La Paz": {"main": "cnn", "min": "ddhq", "max": "ddhq"}, "Maricopa": {"main": "cnn", "min": "ddhq", "max": "ddhq"}, "Mohave": {"main": "cnn", "min": "ddhq", "max": "ddhq"}, "Navajo": {"main": "cnn", "min": "ddhq", "max": "ddhq"}, "Pima": {"main": "cnn", "min": "ddhq", "max": "ddhq"}, "Pinal": {"main": "cnn", "min": "ddhq", "max": "ddhq"}, "Santa Cruz": {"main": "cnn", "min": "ddhq", "max": "ddhq"}, "Yavapai": {"main": "cnn", "min": "ddhq", "max": "ddhq"}, "Yuma": {"main": "cnn", "min": "ddhq", "max": "ddhq"}}}