{"data": [{"county_name": "Total", "Dixon": 0, "Rinke": 0, "Soldano": 0, "Kelley": 0, "total": 0, "min_turnout": 1276760, "max_turnout": 1276760}, {"county_name": "Alcona", "Dixon": 0, "Rinke": 0, "Soldano": 0, "Kelley": 0, "total": 0, "min_turnout": 2402, "max_turnout": 2402}, {"county_name": "Alger", "Dixon": 0, "Rinke": 0, "Soldano": 0, "Kelley": 0, "total": 0, "min_turnout": 1327, "max_turnout": 1327}, {"county_name": "Allegan", "Dixon": 0, "Rinke": 0, "Soldano": 0, "Kelley": 0, "total": 0, "min_turnout": 21692, "max_turnout": 21692}, {"county_name": "Alpena", "Dixon": 0, "Rinke": 0, "Soldano": 0, "Kelley": 0, "total": 0, "min_turnout": 4460, "max_turnout": 4460}, {"county_name": "Antrim", "Dixon": 0, "Rinke": 0, "Soldano": 0, "Kelley": 0, "total": 0, "min_turnout": 5181, "max_turnout": 5181}, {"county_name": "Arenac", "Dixon": 0, "Rinke": 0, "Soldano": 0, "Kelley": 0, "total": 0, "min_turnout": 2537, "max_turnout": 2537}, {"county_name": "Baraga", "Dixon": 0, "Rinke": 0, "Soldano": 0, "Kelley": 0, "total": 0, "min_turnout": 970, "max_turnout": 970}, {"county_name": "Barry", "Dixon": 0, "Rinke": 0, "Soldano": 0, "Kelley": 0, "total": 0, "min_turnout": 11876, "max_turnout": 11876}, {"county_name": "Bay", "Dixon": 0, "Rinke": 0, "Soldano": 0, "Kelley": 0, "total": 0, "min_turnout": 14494, "max_turnout": 14494}, {"county_name": "Benzie", "Dixon": 0, "Rinke": 0, "Soldano": 0, "Kelley": 0, "total": 0, "min_turnout": 3503, "max_turnout": 3503}, {"county_name": "Berrien", "Dixon": 0, "Rinke": 0, "Soldano": 0, "Kelley": 0, "total": 0, "min_turnout": 22249, "max_turnout": 22249}, {"county_name": "Branch", "Dixon": 0, "Rinke": 0, "Soldano": 0, "Kelley": 0, "total": 0, "min_turnout": 6433, "max_turnout": 6433}, {"county_name": "Calhoun", "Dixon": 0, "Rinke": 0, "Soldano": 0, "Kelley": 0, "total": 0, "min_turnout": 15768, "max_turnout": 15768}, {"county_name": "Cass", "Dixon": 0, "Rinke": 0, "Soldano": 0, "Kelley": 0, "total": 0, "min_turnout": 6037, "max_turnout": 6037}, {"county_name": "Charlevoix", "Dixon": 0, "Rinke": 0, "Soldano": 0, "Kelley": 0, "total": 0, "min_turnout": 4876, "max_turnout": 4876}, {"county_name": "Cheboygan", "Dixon": 0, "Rinke": 0, "Soldano": 0, "Kelley": 0, "total": 0, "min_turnout": 4721, "max_turnout": 4721}, {"county_name": "Chippewa", "Dixon": 0, "Rinke": 0, "Soldano": 0, "Kelley": 0, "total": 0, "min_turnout": 4658, "max_turnout": 4658}, {"county_name": "Clare", "Dixon": 0, "Rinke": 0, "Soldano": 0, "Kelley": 0, "total": 0, "min_turnout": 3874, "max_turnout": 3874}, {"county_name": "Clinton", "Dixon": 0, "Rinke": 0, "Soldano": 0, "Kelley": 0, "total": 0, "min_turnout": 12748, "max_turnout": 12748}, {"county_name": "Crawford", "Dixon": 0, "Rinke": 0, "Soldano": 0, "Kelley": 0, "total": 0, "min_turnout": 2183, "max_turnout": 2183}, {"county_name": "Delta", "Dixon": 0, "Rinke": 0, "Soldano": 0, "Kelley": 0, "total": 0, "min_turnout": 4920, "max_turnout": 4920}, {"county_name": "Dickinson", "Dixon": 0, "Rinke": 0, "Soldano": 0, "Kelley": 0, "total": 0, "min_turnout": 4353, "max_turnout": 4353}, {"county_name": "Eaton", "Dixon": 0, "Rinke": 0, "Soldano": 0, "Kelley": 0, "total": 0, "min_turnout": 16611, "max_turnout": 16611}, {"county_name": "Emmet", "Dixon": 0, "Rinke": 0, "Soldano": 0, "Kelley": 0, "total": 0, "min_turnout": 6726, "max_turnout": 6726}, {"county_name": "Genesee", "Dixon": 0, "Rinke": 0, "Soldano": 0, "Kelley": 0, "total": 0, "min_turnout": 34112, "max_turnout": 34112}, {"county_name": "Gladwin", "Dixon": 0, "Rinke": 0, "Soldano": 0, "Kelley": 0, "total": 0, "min_turnout": 4127, "max_turnout": 4127}, {"county_name": "Gogebic", "Dixon": 0, "Rinke": 0, "Soldano": 0, "Kelley": 0, "total": 0, "min_turnout": 1898, "max_turnout": 1898}, {"county_name": "Grand Traverse", "Dixon": 0, "Rinke": 0, "Soldano": 0, "Kelley": 0, "total": 0, "min_turnout": 18182, "max_turnout": 18182}, {"county_name": "Gratiot", "Dixon": 0, "Rinke": 0, "Soldano": 0, "Kelley": 0, "total": 0, "min_turnout": 4830, "max_turnout": 4830}, {"county_name": "Hillsdale", "Dixon": 0, "Rinke": 0, "Soldano": 0, "Kelley": 0, "total": 0, "min_turnout": 6919, "max_turnout": 6919}, {"county_name": "Houghton", "Dixon": 0, "Rinke": 0, "Soldano": 0, "Kelley": 0, "total": 0, "min_turnout": 3994, "max_turnout": 3994}, {"county_name": "Huron", "Dixon": 0, "Rinke": 0, "Soldano": 0, "Kelley": 0, "total": 0, "min_turnout": 6387, "max_turnout": 6387}, {"county_name": "Ingham", "Dixon": 0, "Rinke": 0, "Soldano": 0, "Kelley": 0, "total": 0, "min_turnout": 23974, "max_turnout": 23974}, {"county_name": "Ionia", "Dixon": 0, "Rinke": 0, "Soldano": 0, "Kelley": 0, "total": 0, "min_turnout": 8739, "max_turnout": 8739}, {"county_name": "Iosco", "Dixon": 0, "Rinke": 0, "Soldano": 0, "Kelley": 0, "total": 0, "min_turnout": 3865, "max_turnout": 3865}, {"county_name": "Iron", "Dixon": 0, "Rinke": 0, "Soldano": 0, "Kelley": 0, "total": 0, "min_turnout": 1511, "max_turnout": 1511}, {"county_name": "Isabella", "Dixon": 0, "Rinke": 0, "Soldano": 0, "Kelley": 0, "total": 0, "min_turnout": 7585, "max_turnout": 7585}, {"county_name": "Jackson", "Dixon": 0, "Rinke": 0, "Soldano": 0, "Kelley": 0, "total": 0, "min_turnout": 23628, "max_turnout": 23628}, {"county_name": "Kalamazoo", "Dixon": 0, "Rinke": 0, "Soldano": 0, "Kelley": 0, "total": 0, "min_turnout": 31115, "max_turnout": 31115}, {"county_name": "Kalkaska", "Dixon": 0, "Rinke": 0, "Soldano": 0, "Kelley": 0, "total": 0, "min_turnout": 2775, "max_turnout": 2775}, {"county_name": "Kent", "Dixon": 0, "Rinke": 0, "Soldano": 0, "Kelley": 0, "total": 0, "min_turnout": 88579, "max_turnout": 88579}, {"county_name": "Keweenaw", "Dixon": 0, "Rinke": 0, "Soldano": 0, "Kelley": 0, "total": 0, "min_turnout": 486, "max_turnout": 486}, {"county_name": "Lake", "Dixon": 0, "Rinke": 0, "Soldano": 0, "Kelley": 0, "total": 0, "min_turnout": 1428, "max_turnout": 1428}, {"county_name": "Lapeer", "Dixon": 0, "Rinke": 0, "Soldano": 0, "Kelley": 0, "total": 0, "min_turnout": 16143, "max_turnout": 16143}, {"county_name": "Leelanau", "Dixon": 0, "Rinke": 0, "Soldano": 0, "Kelley": 0, "total": 0, "min_turnout": 5995, "max_turnout": 5995}, {"county_name": "Lenawee", "Dixon": 0, "Rinke": 0, "Soldano": 0, "Kelley": 0, "total": 0, "min_turnout": 12330, "max_turnout": 12330}, {"county_name": "Livingston", "Dixon": 0, "Rinke": 0, "Soldano": 0, "Kelley": 0, "total": 0, "min_turnout": 40232, "max_turnout": 40232}, {"county_name": "Luce", "Dixon": 0, "Rinke": 0, "Soldano": 0, "Kelley": 0, "total": 0, "min_turnout": 1093, "max_turnout": 1093}, {"county_name": "Mackinac", "Dixon": 0, "Rinke": 0, "Soldano": 0, "Kelley": 0, "total": 0, "min_turnout": 2124, "max_turnout": 2124}, {"county_name": "Macomb", "Dixon": 0, "Rinke": 0, "Soldano": 0, "Kelley": 0, "total": 0, "min_turnout": 118418, "max_turnout": 118418}, {"county_name": "Manistee", "Dixon": 0, "Rinke": 0, "Soldano": 0, "Kelley": 0, "total": 0, "min_turnout": 3997, "max_turnout": 3997}, {"county_name": "Marquette", "Dixon": 0, "Rinke": 0, "Soldano": 0, "Kelley": 0, "total": 0, "min_turnout": 7098, "max_turnout": 7098}, {"county_name": "Mason", "Dixon": 0, "Rinke": 0, "Soldano": 0, "Kelley": 0, "total": 0, "min_turnout": 5599, "max_turnout": 5599}, {"county_name": "Mecosta", "Dixon": 0, "Rinke": 0, "Soldano": 0, "Kelley": 0, "total": 0, "min_turnout": 5803, "max_turnout": 5803}, {"county_name": "Menominee", "Dixon": 0, "Rinke": 0, "Soldano": 0, "Kelley": 0, "total": 0, "min_turnout": 2188, "max_turnout": 2188}, {"county_name": "Midland", "Dixon": 0, "Rinke": 0, "Soldano": 0, "Kelley": 0, "total": 0, "min_turnout": 14672, "max_turnout": 14672}, {"county_name": "Missaukee", "Dixon": 0, "Rinke": 0, "Soldano": 0, "Kelley": 0, "total": 0, "min_turnout": 3403, "max_turnout": 3403}, {"county_name": "Monroe", "Dixon": 0, "Rinke": 0, "Soldano": 0, "Kelley": 0, "total": 0, "min_turnout": 19390, "max_turnout": 19390}, {"county_name": "Montcalm", "Dixon": 0, "Rinke": 0, "Soldano": 0, "Kelley": 0, "total": 0, "min_turnout": 8907, "max_turnout": 8907}, {"county_name": "Montmorency", "Dixon": 0, "Rinke": 0, "Soldano": 0, "Kelley": 0, "total": 0, "min_turnout": 1995, "max_turnout": 1995}, {"county_name": "Muskegon", "Dixon": 0, "Rinke": 0, "Soldano": 0, "Kelley": 0, "total": 0, "min_turnout": 19881, "max_turnout": 19881}, {"county_name": "Newaygo", "Dixon": 0, "Rinke": 0, "Soldano": 0, "Kelley": 0, "total": 0, "min_turnout": 8691, "max_turnout": 8691}, {"county_name": "Oakland", "Dixon": 0, "Rinke": 0, "Soldano": 0, "Kelley": 0, "total": 0, "min_turnout": 183140, "max_turnout": 183140}, {"county_name": "Oceana", "Dixon": 0, "Rinke": 0, "Soldano": 0, "Kelley": 0, "total": 0, "min_turnout": 4600, "max_turnout": 4600}, {"county_name": "Ogemaw", "Dixon": 0, "Rinke": 0, "Soldano": 0, "Kelley": 0, "total": 0, "min_turnout": 3777, "max_turnout": 3777}, {"county_name": "Ontonagon", "Dixon": 0, "Rinke": 0, "Soldano": 0, "Kelley": 0, "total": 0, "min_turnout": 1065, "max_turnout": 1065}, {"county_name": "Osceola", "Dixon": 0, "Rinke": 0, "Soldano": 0, "Kelley": 0, "total": 0, "min_turnout": 3842, "max_turnout": 3842}, {"county_name": "Oscoda", "Dixon": 0, "Rinke": 0, "Soldano": 0, "Kelley": 0, "total": 0, "min_turnout": 1518, "max_turnout": 1518}, {"county_name": "Otsego", "Dixon": 0, "Rinke": 0, "Soldano": 0, "Kelley": 0, "total": 0, "min_turnout": 4673, "max_turnout": 4673}, {"county_name": "Ottawa", "Dixon": 0, "Rinke": 0, "Soldano": 0, "Kelley": 0, "total": 0, "min_turnout": 56445, "max_turnout": 56445}, {"county_name": "Presque Isle", "Dixon": 0, "Rinke": 0, "Soldano": 0, "Kelley": 0, "total": 0, "min_turnout": 2376, "max_turnout": 2376}, {"county_name": "Roscommon", "Dixon": 0, "Rinke": 0, "Soldano": 0, "Kelley": 0, "total": 0, "min_turnout": 4963, "max_turnout": 4963}, {"county_name": "Saginaw", "Dixon": 0, "Rinke": 0, "Soldano": 0, "Kelley": 0, "total": 0, "min_turnout": 27661, "max_turnout": 27661}, {"county_name": "Saint Clair", "Dixon": 0, "Rinke": 0, "Soldano": 0, "Kelley": 0, "total": 0, "min_turnout": 7538, "max_turnout": 7538}, {"county_name": "Saint Joseph", "Dixon": 0, "Rinke": 0, "Soldano": 0, "Kelley": 0, "total": 0, "min_turnout": 921, "max_turnout": 921}, {"county_name": "Sanilac", "Dixon": 0, "Rinke": 0, "Soldano": 0, "Kelley": 0, "total": 0, "min_turnout": 9020, "max_turnout": 9020}, {"county_name": "Schoolcraft", "Dixon": 0, "Rinke": 0, "Soldano": 0, "Kelley": 0, "total": 0, "min_turnout": 25396, "max_turnout": 25396}, {"county_name": "Shiawassee", "Dixon": 0, "Rinke": 0, "Soldano": 0, "Kelley": 0, "total": 0, "min_turnout": 6657, "max_turnout": 6657}, {"county_name": "Tuscola", "Dixon": 0, "Rinke": 0, "Soldano": 0, "Kelley": 0, "total": 0, "min_turnout": 9038, "max_turnout": 9038}, {"county_name": "Van Buren", "Dixon": 0, "Rinke": 0, "Soldano": 0, "Kelley": 0, "total": 0, "min_turnout": 10269, "max_turnout": 10269}, {"county_name": "Washtenaw", "Dixon": 0, "Rinke": 0, "Soldano": 0, "Kelley": 0, "total": 0, "min_turnout": 31580, "max_turnout": 31580}, {"county_name": "Wayne", "Dixon": 0, "Rinke": 0, "Soldano": 0, "Kelley": 0, "total": 0, "min_turnout": 119596, "max_turnout": 119596}, {"county_name": "Wexford", "Dixon": 0, "Rinke": 0, "Soldano": 0, "Kelley": 0, "total": 0, "min_turnout": 5993, "max_turnout": 5993}], "sources": "cnn, ddhq", "labels": {"Total": {"main": "nyt"}, "Alcona": {"main": "cnn", "min": "ddhq", "max": "ddhq"}, "Alger": {"main": "cnn", "min": "ddhq", "max": "ddhq"}, "Allegan": {"main": "cnn", "min": "ddhq", "max": "ddhq"}, "Alpena": {"main": "cnn", "min": "ddhq", "max": "ddhq"}, "Antrim": {"main": "cnn", "min": "ddhq", "max": "ddhq"}, "Arenac": {"main": "cnn", "min": "ddhq", "max": "ddhq"}, "Baraga": {"main": "cnn", "min": "ddhq", "max": "ddhq"}, "Barry": {"main": "cnn", "min": "ddhq", "max": "ddhq"}, "Bay": {"main": "cnn", "min": "ddhq", "max": "ddhq"}, "Benzie": {"main": "cnn", "min": "ddhq", "max": "ddhq"}, "Berrien": {"main": "cnn", "min": "ddhq", "max": "ddhq"}, "Branch": {"main": "cnn", "min": "ddhq", "max": "ddhq"}, "Calhoun": {"main": "cnn", "min": "ddhq", "max": "ddhq"}, "Cass": {"main": "cnn", "min": "ddhq", "max": "ddhq"}, "Charlevoix": {"main": "cnn", "min": "ddhq", "max": "ddhq"}, "Cheboygan": {"main": "cnn", "min": "ddhq", "max": "ddhq"}, "Chippewa": {"main": "cnn", "min": "ddhq", "max": "ddhq"}, "Clare": {"main": "cnn", "min": "ddhq", "max": "ddhq"}, "Clinton": {"main": "cnn", "min": "ddhq", "max": "ddhq"}, "Crawford": {"main": "cnn", "min": "ddhq", "max": "ddhq"}, "Delta": {"main": "cnn", "min": "ddhq", "max": "ddhq"}, "Dickinson": {"main": "cnn", "min": "ddhq", "max": "ddhq"}, "Eaton": {"main": "cnn", "min": "ddhq", "max": "ddhq"}, "Emmet": {"main": "cnn", "min": "ddhq", "max": "ddhq"}, "Genesee": {"main": "cnn", "min": "ddhq", "max": "ddhq"}, "Gladwin": {"main": "cnn", "min": "ddhq", "max": "ddhq"}, "Gogebic": {"main": "cnn", "min": "ddhq", "max": "ddhq"}, "Grand Traverse": {"main": "cnn", "min": "ddhq", "max": "ddhq"}, "Gratiot": {"main": "cnn", "min": "ddhq", "max": "ddhq"}, "Hillsdale": {"main": "cnn", "min": "ddhq", "max": "ddhq"}, "Houghton": {"main": "cnn", "min": "ddhq", "max": "ddhq"}, "Huron": {"main": "cnn", "min": "ddhq", "max": "ddhq"}, "Ingham": {"main": "cnn", "min": "ddhq", "max": "ddhq"}, "Ionia": {"main": "cnn", "min": "ddhq", "max": "ddhq"}, "Iosco": {"main": "cnn", "min": "ddhq", "max": "ddhq"}, "Iron": {"main": "cnn", "min": "ddhq", "max": "ddhq"}, "Isabella": {"main": "cnn", "min": "ddhq", "max": "ddhq"}, "Jackson": {"main": "cnn", "min": "ddhq", "max": "ddhq"}, "Kalamazoo": {"main": "cnn", "min": "ddhq", "max": "ddhq"}, "Kalkaska": {"main": "cnn", "min": "ddhq", "max": "ddhq"}, "Kent": {"main": "cnn", "min": "ddhq", "max": "ddhq"}, "Keweenaw": {"main": "cnn", "min": "ddhq", "max": "ddhq"}, "Lake": {"main": "cnn", "min": "ddhq", "max": "ddhq"}, "Lapeer": {"main": "cnn", "min": "ddhq", "max": "ddhq"}, "Leelanau": {"main": "cnn", "min": "ddhq", "max": "ddhq"}, "Lenawee": {"main": "cnn", "min": "ddhq", "max": "ddhq"}, "Livingston": {"main": "cnn", "min": "ddhq", "max": "ddhq"}, "Luce": {"main": "cnn", "min": "ddhq", "max": "ddhq"}, "Mackinac": {"main": "cnn", "min": "ddhq", "max": "ddhq"}, "Macomb": {"main": "cnn", "min": "ddhq", "max": "ddhq"}, "Manistee": {"main": "cnn", "min": "ddhq", "max": "ddhq"}, "Marquette": {"main": "cnn", "min": "ddhq", "max": "ddhq"}, "Mason": {"main": "cnn", "min": "ddhq", "max": "ddhq"}, "Mecosta": {"main": "cnn", "min": "ddhq", "max": "ddhq"}, "Menominee": {"main": "cnn", "min": "ddhq", "max": "ddhq"}, "Midland": {"main": "cnn", "min": "ddhq", "max": "ddhq"}, "Missaukee": {"main": "cnn", "min": "ddhq", "max": "ddhq"}, "Monroe": {"main": "cnn", "min": "ddhq", "max": "ddhq"}, "Montcalm": {"main": "cnn", "min": "ddhq", "max": "ddhq"}, "Montmorency": {"main": "cnn", "min": "ddhq", "max": "ddhq"}, "Muskegon": {"main": "cnn", "min": "ddhq", "max": "ddhq"}, "Newaygo": {"main": "cnn", "min": "ddhq", "max": "ddhq"}, "Oakland": {"main": "cnn", "min": "ddhq", "max": "ddhq"}, "Oceana": {"main": "cnn", "min": "ddhq", "max": "ddhq"}, "Ogemaw": {"main": "cnn", "min": "ddhq", "max": "ddhq"}, "Ontonagon": {"main": "cnn", "min": "ddhq", "max": "ddhq"}, "Osceola": {"main": "cnn", "min": "ddhq", "max": "ddhq"}, "Oscoda": {"main": "cnn", "min": "ddhq", "max": "ddhq"}, "Otsego": {"main": "cnn", "min": "ddhq", "max": "ddhq"}, "Ottawa": {"main": "cnn", "min": "ddhq", "max": "ddhq"}, "Presque Isle": {"main": "cnn", "min": "ddhq", "max": "ddhq"}, "Roscommon": {"main": "cnn", "min": "ddhq", "max": "ddhq"}, "Saginaw": {"main": "cnn", "min": "ddhq", "max": "ddhq"}, "Saint Clair": {"main": "cnn", "min": "ddhq", "max": "ddhq"}, "Saint Joseph": {"main": "cnn", "min": "ddhq", "max": "ddhq"}, "Sanilac": {"main": "cnn", "min": "ddhq", "max": "ddhq"}, "Schoolcraft": {"main": "cnn", "min": "ddhq", "max": "ddhq"}, "Shiawassee": {"main": "cnn", "min": "ddhq", "max": "ddhq"}, "Tuscola": {"main": "cnn", "min": "ddhq", "max": "ddhq"}, "Van Buren": {"main": "cnn", "min": "ddhq", "max": "ddhq"}, "Washtenaw": {"main": "cnn", "min": "ddhq", "max": "ddhq"}, "Wayne": {"main": "cnn", "min": "ddhq", "max": "ddhq"}, "Wexford": {"main": "cnn", "min": "ddhq", "max": "ddhq"}}}