{"2022-08-02T10:26:28-05:00": {"0": {"county_name": "Total", "Culp": 0, "Newhouse": 0, "White": 0, "total": 0}, "1": {"county_name": "Adams", "Culp": 0, "Newhouse": 0, "White": 0, "total": 0}, "2": {"county_name": "Benton", "Culp": 0, "Newhouse": 0, "White": 0, "total": 0}, "3": {"county_name": "Douglas", "Culp": 0, "Newhouse": 0, "White": 0, "total": 0}, "4": {"county_name": "Franklin", "Culp": 0, "Newhouse": 0, "White": 0, "total": 0}, "5": {"county_name": "Grant", "Culp": 0, "Newhouse": 0, "White": 0, "total": 0}, "6": {"county_name": "Klickitat", "Culp": 0, "Newhouse": 0, "White": 0, "total": 0}, "7": {"county_name": "Okanogan", "Culp": 0, "Newhouse": 0, "White": 0, "total": 0}, "8": {"county_name": "Yakima", "Culp": 0, "Newhouse": 0, "White": 0, "total": 0}}}