{"2022-07-31T01:53:16-05:00": {"0": {"county_name": "Total", "Lake": 0, "Robson": 0, "total": 0}, "1": {"county_name": "Apache", "Lake": 0, "Robson": 0, "total": 0}, "2": {"county_name": "Cochise", "Lake": 0, "Robson": 0, "total": 0}, "3": {"county_name": "Coconino", "Lake": 0, "Robson": 0, "total": 0}, "4": {"county_name": "Gila", "Lake": 0, "Robson": 0, "total": 0}, "5": {"county_name": "Graham", "Lake": 0, "Robson": 0, "total": 0}, "6": {"county_name": "Greenlee", "Lake": 0, "Robson": 0, "total": 0}, "7": {"county_name": "La Paz", "Lake": 0, "Robson": 0, "total": 0}, "8": {"county_name": "Maricopa", "Lake": 0, "Robson": 0, "total": 0}, "9": {"county_name": "Mohave", "Lake": 0, "Robson": 0, "total": 0}, "10": {"county_name": "Navajo", "Lake": 0, "Robson": 0, "total": 0}, "11": {"county_name": "Pima", "Lake": 0, "Robson": 0, "total": 0}, "12": {"county_name": "Pinal", "Lake": 0, "Robson": 0, "total": 0}, "13": {"county_name": "Santa Cruz", "Lake": 0, "Robson": 0, "total": 0}, "14": {"county_name": "Yavapai", "Lake": 0, "Robson": 0, "total": 0}, "15": {"county_name": "Yuma", "Lake": 0, "Robson": 0, "total": 0}}, "2022-08-01T22:34:29-05:00": {"0": {"Lake": 0, "Robson": 0, "total": 0, "min_turnout": 760713, "max_turnout": 760713, "county_name": "Total"}, "1": {"Lake": 0, "Robson": 0, "total": 0, "min_turnout": 5627, "max_turnout": 5627, "county_name": "Apache"}, "2": {"Lake": 0, "Robson": 0, "total": 0, "min_turnout": 19034, "max_turnout": 19034, "county_name": "Cochise"}, "3": {"Lake": 0, "Robson": 0, "total": 0, "min_turnout": 12726, "max_turnout": 12726, "county_name": "Coconino"}, "4": {"Lake": 0, "Robson": 0, "total": 0, "min_turnout": 10653, "max_turnout": 10653, "county_name": "Gila"}, "5": {"Lake": 0, "Robson": 0, "total": 0, "min_turnout": 5131, "max_turnout": 5131, "county_name": "Graham"}, "6": {"Lake": 0, "Robson": 0, "total": 0, "min_turnout": 762, "max_turnout": 762, "county_name": "Greenlee"}, "7": {"Lake": 0, "Robson": 0, "total": 0, "min_turnout": 2225, "max_turnout": 2225, "county_name": "La Paz"}, "8": {"Lake": 0, "Robson": 0, "total": 0, "min_turnout": 434098, "max_turnout": 434098, "county_name": "Maricopa"}, "9": {"Lake": 0, "Robson": 0, "total": 0, "min_turnout": 35186, "max_turnout": 35186, "county_name": "Mohave"}, "10": {"Lake": 0, "Robson": 0, "total": 0, "min_turnout": 14713, "max_turnout": 14713, "county_name": "Navajo"}, "11": {"Lake": 0, "Robson": 0, "total": 0, "min_turnout": 111887, "max_turnout": 111887, "county_name": "Pima"}, "12": {"Lake": 0, "Robson": 0, "total": 0, "min_turnout": 39229, "max_turnout": 39229, "county_name": "Pinal"}, "13": {"Lake": 0, "Robson": 0, "total": 0, "min_turnout": 2432, "max_turnout": 2432, "county_name": "Santa Cruz"}, "14": {"Lake": 0, "Robson": 0, "total": 0, "min_turnout": 53766, "max_turnout": 53766, "county_name": "Yavapai"}, "15": {"Lake": 0, "Robson": 0, "total": 0, "min_turnout": 13244, "max_turnout": 13244, "county_name": "Yuma"}}}