{"data": [{"county_name": "Total", "Mace": 39989, "Arrington": 34085, "total": 75294, "min_turnout": 76451, "max_turnout": 83054}, {"county_name": "Beaufort", "Mace": 12899, "Arrington": 11204, "total": 24453, "min_turnout": 24672, "max_turnout": 24942}, {"county_name": "Berkeley", "Mace": 8791, "Arrington": 9373, "total": 18633, "min_turnout": 18990, "max_turnout": 22182}, {"county_name": "Charleston", "Mace": 12665, "Arrington": 7716, "total": 20589, "min_turnout": 20951, "max_turnout": 21672}, {"county_name": "Colleton", "Mace": 248, "Arrington": 156, "total": 410, "min_turnout": 414, "max_turnout": 418}, {"county_name": "Dorchester", "Mace": 5063, "Arrington": 5108, "total": 10347, "min_turnout": 10545, "max_turnout": 12933}, {"county_name": "Jasper", "Mace": 323, "Arrington": 528, "total": 862, "min_turnout": 879, "max_turnout": 907}], "sources": "nyt, cnn", "labels": {"Total": {"main": "nyt"}, "Beaufort": {"main": "nyt", "min": "cnn", "max": "nyt"}, "Berkeley": {"main": "cnn", "min": "nyt", "max": "cnn"}, "Charleston": {"main": "cnn", "min": "nyt", "max": "cnn"}, "Colleton": {"main": "nyt", "min": "cnn", "max": "nyt"}, "Dorchester": {"main": "cnn", "min": "nyt", "max": "cnn"}, "Jasper": {"main": "nyt", "min": "nyt", "max": "cnn"}}}