{"data": [{"county_name": "Total", "Vance": 344800, "Mandel": 255900, "Dolan": 249318, "total": 1070639, "min_turnout": 1071623, "max_turnout": 1081131}, {"county_name": "Adams", "Vance": 1134, "Mandel": 867, "Dolan": 368, "total": 3091, "min_turnout": 3100, "max_turnout": 3186}, {"county_name": "Allen", "Vance": 3410, "Mandel": 4016, "Dolan": 1816, "total": 11934, "min_turnout": 11934, "max_turnout": 12055}, {"county_name": "Ashland", "Vance": 2197, "Mandel": 2190, "Dolan": 1368, "total": 7519, "min_turnout": 7535, "max_turnout": 7751}, {"county_name": "Ashtabula", "Vance": 3041, "Mandel": 2499, "Dolan": 1702, "total": 8943, "min_turnout": 8965, "max_turnout": 9033}, {"county_name": "Athens", "Vance": 1141, "Mandel": 818, "Dolan": 573, "total": 3132, "min_turnout": 3132, "max_turnout": 3195}, {"county_name": "Auglaize", "Vance": 1993, "Mandel": 2213, "Dolan": 946, "total": 6649, "min_turnout": 6649, "max_turnout": 6656}, {"county_name": "Belmont", "Vance": 2637, "Mandel": 2143, "Dolan": 677, "total": 6706, "min_turnout": 6713, "max_turnout": 6842}, {"county_name": "Brown", "Vance": 1581, "Mandel": 1168, "Dolan": 557, "total": 4319, "min_turnout": 4319, "max_turnout": 4362}, {"county_name": "Butler", "Vance": 11946, "Mandel": 7662, "Dolan": 7114, "total": 33095, "min_turnout": 33095, "max_turnout": 33429}, {"county_name": "Carroll", "Vance": 1181, "Mandel": 1105, "Dolan": 535, "total": 3735, "min_turnout": 3743, "max_turnout": 3772}, {"county_name": "Champaign", "Vance": 1933, "Mandel": 1554, "Dolan": 1107, "total": 5784, "min_turnout": 5794, "max_turnout": 5902}, {"county_name": "Clark", "Vance": 4364, "Mandel": 3971, "Dolan": 3404, "total": 14859, "min_turnout": 14859, "max_turnout": 14859}, {"county_name": "Clermont", "Vance": 7986, "Mandel": 4943, "Dolan": 4615, "total": 22701, "min_turnout": 22701, "max_turnout": 22930}, {"county_name": "Clinton", "Vance": 1819, "Mandel": 1357, "Dolan": 874, "total": 5315, "min_turnout": 5315, "max_turnout": 5423}, {"county_name": "Columbiana", "Vance": 3783, "Mandel": 2148, "Dolan": 1858, "total": 11353, "min_turnout": 11353, "max_turnout": 11467}, {"county_name": "Coshocton", "Vance": 1629, "Mandel": 1791, "Dolan": 897, "total": 5751, "min_turnout": 5751, "max_turnout": 5868}, {"county_name": "Crawford", "Vance": 1677, "Mandel": 1852, "Dolan": 891, "total": 5725, "min_turnout": 5725, "max_turnout": 5782}, {"county_name": "Cuyahoga", "Vance": 17056, "Mandel": 13774, "Dolan": 22710, "total": 65471, "min_turnout": 65471, "max_turnout": 65471}, {"county_name": "Darke", "Vance": 2726, "Mandel": 2955, "Dolan": 1399, "total": 9409, "min_turnout": 9409, "max_turnout": 9504}, {"county_name": "Defiance", "Vance": 1768, "Mandel": 1151, "Dolan": 633, "total": 4969, "min_turnout": 4984, "max_turnout": 5122}, {"county_name": "Delaware", "Vance": 9662, "Mandel": 5067, "Dolan": 8030, "total": 27307, "min_turnout": 27541, "max_turnout": 27582}, {"county_name": "Erie", "Vance": 2531, "Mandel": 1838, "Dolan": 1655, "total": 7398, "min_turnout": 7398, "max_turnout": 7416}, {"county_name": "Fairfield", "Vance": 6232, "Mandel": 3985, "Dolan": 4222, "total": 17497, "min_turnout": 17512, "max_turnout": 17673}, {"county_name": "Fayette", "Vance": 971, "Mandel": 838, "Dolan": 633, "total": 3245, "min_turnout": 3253, "max_turnout": 3311}, {"county_name": "Franklin", "Vance": 22336, "Mandel": 12335, "Dolan": 26610, "total": 72303, "min_turnout": 72303, "max_turnout": 72303}, {"county_name": "Fulton", "Vance": 2025, "Mandel": 1644, "Dolan": 1029, "total": 6623, "min_turnout": 6628, "max_turnout": 6758}, {"county_name": "Gallia", "Vance": 1426, "Mandel": 1063, "Dolan": 418, "total": 4183, "min_turnout": 4191, "max_turnout": 4450}, {"county_name": "Geauga", "Vance": 4141, "Mandel": 3314, "Dolan": 6818, "total": 16521, "min_turnout": 16521, "max_turnout": 16607}, {"county_name": "Greene", "Vance": 6783, "Mandel": 5201, "Dolan": 5494, "total": 21727, "min_turnout": 21727, "max_turnout": 22170}, {"county_name": "Guernsey", "Vance": 1245, "Mandel": 1153, "Dolan": 724, "total": 3829, "min_turnout": 3829, "max_turnout": 3867}, {"county_name": "Hamilton", "Vance": 17043, "Mandel": 10661, "Dolan": 15150, "total": 55276, "min_turnout": 55276, "max_turnout": 55276}, {"county_name": "Hancock", "Vance": 2813, "Mandel": 2132, "Dolan": 2474, "total": 9745, "min_turnout": 9745, "max_turnout": 9843}, {"county_name": "Hardin", "Vance": 1075, "Mandel": 1199, "Dolan": 687, "total": 3792, "min_turnout": 3806, "max_turnout": 3909}, {"county_name": "Harrison", "Vance": 644, "Mandel": 529, "Dolan": 186, "total": 1890, "min_turnout": 1890, "max_turnout": 1968}, {"county_name": "Henry", "Vance": 1108, "Mandel": 730, "Dolan": 617, "total": 3517, "min_turnout": 3517, "max_turnout": 3588}, {"county_name": "Highland", "Vance": 1640, "Mandel": 1148, "Dolan": 620, "total": 4386, "min_turnout": 4413, "max_turnout": 4430}, {"county_name": "Hocking", "Vance": 1067, "Mandel": 915, "Dolan": 459, "total": 3057, "min_turnout": 3066, "max_turnout": 3151}, {"county_name": "Holmes", "Vance": 1176, "Mandel": 1034, "Dolan": 495, "total": 3404, "min_turnout": 3417, "max_turnout": 3473}, {"county_name": "Huron", "Vance": 1872, "Mandel": 1748, "Dolan": 1076, "total": 5854, "min_turnout": 5873, "max_turnout": 5913}, {"county_name": "Jackson", "Vance": 1055, "Mandel": 596, "Dolan": 281, "total": 2612, "min_turnout": 2665, "max_turnout": 2675}, {"county_name": "Jefferson", "Vance": 2359, "Mandel": 1826, "Dolan": 567, "total": 6072, "min_turnout": 6072, "max_turnout": 6072}, {"county_name": "Knox", "Vance": 2852, "Mandel": 2072, "Dolan": 1589, "total": 8090, "min_turnout": 8090, "max_turnout": 8171}, {"county_name": "Lake", "Vance": 8474, "Mandel": 7076, "Dolan": 8201, "total": 28252, "min_turnout": 28252, "max_turnout": 28537}, {"county_name": "Lawrence", "Vance": 2726, "Mandel": 1506, "Dolan": 681, "total": 6588, "min_turnout": 6588, "max_turnout": 6862}, {"county_name": "Licking", "Vance": 7154, "Mandel": 4711, "Dolan": 5074, "total": 20702, "min_turnout": 20702, "max_turnout": 20911}, {"county_name": "Logan", "Vance": 1833, "Mandel": 2335, "Dolan": 1161, "total": 6699, "min_turnout": 6699, "max_turnout": 6835}, {"county_name": "Lorain", "Vance": 7730, "Mandel": 6369, "Dolan": 6948, "total": 25567, "min_turnout": 25567, "max_turnout": 25595}, {"county_name": "Lucas", "Vance": 7582, "Mandel": 4074, "Dolan": 4818, "total": 21630, "min_turnout": 21630, "max_turnout": 21848}, {"county_name": "Madison", "Vance": 1668, "Mandel": 1343, "Dolan": 1021, "total": 5101, "min_turnout": 5102, "max_turnout": 5205}, {"county_name": "Mahoning", "Vance": 8067, "Mandel": 3549, "Dolan": 3556, "total": 20484, "min_turnout": 20537, "max_turnout": 20690}, {"county_name": "Marion", "Vance": 2239, "Mandel": 1867, "Dolan": 1170, "total": 6818, "min_turnout": 6818, "max_turnout": 6886}, {"county_name": "Medina", "Vance": 7078, "Mandel": 5891, "Dolan": 6097, "total": 23475, "min_turnout": 23560, "max_turnout": 23712}, {"county_name": "Meigs", "Vance": 900, "Mandel": 729, "Dolan": 257, "total": 2747, "min_turnout": 2861, "max_turnout": 2951}, {"county_name": "Mercer", "Vance": 2454, "Mandel": 2697, "Dolan": 1132, "total": 8055, "min_turnout": 8076, "max_turnout": 8136}, {"county_name": "Miami", "Vance": 4217, "Mandel": 3816, "Dolan": 3232, "total": 13822, "min_turnout": 13822, "max_turnout": 13822}, {"county_name": "Monroe", "Vance": 506, "Mandel": 399, "Dolan": 96, "total": 1318, "min_turnout": 1318, "max_turnout": 1358}, {"county_name": "Montgomery", "Vance": 14713, "Mandel": 11557, "Dolan": 11318, "total": 46031, "min_turnout": 46031, "max_turnout": 46495}, {"county_name": "Morgan", "Vance": 682, "Mandel": 681, "Dolan": 340, "total": 2210, "min_turnout": 2210, "max_turnout": 2278}, {"county_name": "Morrow", "Vance": 2021, "Mandel": 1872, "Dolan": 1010, "total": 6198, "min_turnout": 6211, "max_turnout": 6389}, {"county_name": "Muskingum", "Vance": 2910, "Mandel": 2164, "Dolan": 1641, "total": 8569, "min_turnout": 8572, "max_turnout": 8743}, {"county_name": "Noble", "Vance": 512, "Mandel": 450, "Dolan": 179, "total": 1538, "min_turnout": 1538, "max_turnout": 1553}, {"county_name": "Ottawa", "Vance": 1852, "Mandel": 1091, "Dolan": 1059, "total": 5440, "min_turnout": 5440, "max_turnout": 5494}, {"county_name": "Paulding", "Vance": 1215, "Mandel": 585, "Dolan": 147, "total": 2666, "min_turnout": 2672, "max_turnout": 2748}, {"county_name": "Perry", "Vance": 1512, "Mandel": 1235, "Dolan": 723, "total": 4470, "min_turnout": 4470, "max_turnout": 4608}, {"county_name": "Pickaway", "Vance": 2385, "Mandel": 1916, "Dolan": 1350, "total": 6945, "min_turnout": 6945, "max_turnout": 7015}, {"county_name": "Pike", "Vance": 748, "Mandel": 554, "Dolan": 224, "total": 1815, "min_turnout": 1817, "max_turnout": 1852}, {"county_name": "Portage", "Vance": 4543, "Mandel": 3937, "Dolan": 3667, "total": 14852, "min_turnout": 14852, "max_turnout": 15002}, {"county_name": "Preble", "Vance": 1830, "Mandel": 1813, "Dolan": 1009, "total": 5912, "min_turnout": 5912, "max_turnout": 5926}, {"county_name": "Putnam", "Vance": 1912, "Mandel": 1539, "Dolan": 597, "total": 5186, "min_turnout": 5186, "max_turnout": 5186}, {"county_name": "Richland", "Vance": 4692, "Mandel": 5063, "Dolan": 2481, "total": 15208, "min_turnout": 15208, "max_turnout": 15518}, {"county_name": "Ross", "Vance": 2325, "Mandel": 1916, "Dolan": 1153, "total": 6647, "min_turnout": 6647, "max_turnout": 6714}, {"county_name": "Sandusky", "Vance": 2391, "Mandel": 1605, "Dolan": 1441, "total": 7807, "min_turnout": 7823, "max_turnout": 7966}, {"county_name": "Scioto", "Vance": 2740, "Mandel": 1319, "Dolan": 536, "total": 5795, "min_turnout": 5795, "max_turnout": 5853}, {"county_name": "Seneca", "Vance": 2072, "Mandel": 1800, "Dolan": 1359, "total": 7723, "min_turnout": 7740, "max_turnout": 7880}, {"county_name": "Shelby", "Vance": 1888, "Mandel": 2421, "Dolan": 1074, "total": 6705, "min_turnout": 6705, "max_turnout": 6710}, {"county_name": "Stark", "Vance": 11736, "Mandel": 8909, "Dolan": 8412, "total": 39276, "min_turnout": 39345, "max_turnout": 39672}, {"county_name": "Summit", "Vance": 13188, "Mandel": 10369, "Dolan": 11459, "total": 42182, "min_turnout": 42182, "max_turnout": 42182}, {"county_name": "Trumbull", "Vance": 6567, "Mandel": 3564, "Dolan": 2997, "total": 17456, "min_turnout": 17510, "max_turnout": 17632}, {"county_name": "Tuscarawas", "Vance": 2750, "Mandel": 2217, "Dolan": 1281, "total": 7966, "min_turnout": 7966, "max_turnout": 7966}, {"county_name": "Union", "Vance": 2765, "Mandel": 1883, "Dolan": 1837, "total": 8089, "min_turnout": 8102, "max_turnout": 8254}, {"county_name": "Van Wert", "Vance": 1452, "Mandel": 1264, "Dolan": 375, "total": 4437, "min_turnout": 4452, "max_turnout": 4670}, {"county_name": "Vinton", "Vance": 478, "Mandel": 346, "Dolan": 109, "total": 1238, "min_turnout": 1241, "max_turnout": 1263}, {"county_name": "Warren", "Vance": 10322, "Mandel": 6513, "Dolan": 5947, "total": 28067, "min_turnout": 28067, "max_turnout": 28067}, {"county_name": "Washington", "Vance": 2466, "Mandel": 1713, "Dolan": 876, "total": 6757, "min_turnout": 6763, "max_turnout": 6965}, {"county_name": "Wayne", "Vance": 4037, "Mandel": 4046, "Dolan": 3045, "total": 13735, "min_turnout": 13735, "max_turnout": 14015}, {"county_name": "Williams", "Vance": 1804, "Mandel": 1092, "Dolan": 691, "total": 4968, "min_turnout": 4968, "max_turnout": 5069}, {"county_name": "Wood", "Vance": 3736, "Mandel": 2136, "Dolan": 3155, "total": 11752, "min_turnout": 11752, "max_turnout": 11870}, {"county_name": "Wyandot", "Vance": 870, "Mandel": 763, "Dolan": 504, "total": 2953, "min_turnout": 2954, "max_turnout": 3013}], "sources": "nyt, cnn", "labels": {"Total": {"main": "nyt"}, "Adams": {"main": "cnn", "min": "nyt", "max": "cnn"}, "Allen": {"main": "nyt", "min": "cnn", "max": "nyt"}, "Ashland": {"main": "cnn", "min": "nyt", "max": "cnn"}, "Ashtabula": {"main": "cnn", "min": "nyt", "max": "cnn"}, "Athens": {"main": "cnn", "min": "cnn", "max": "cnn"}, "Auglaize": {"main": "cnn", "min": "cnn", "max": "nyt"}, "Belmont": {"main": "cnn", "min": "nyt", "max": "cnn"}, "Brown": {"main": "cnn", "min": "cnn", "max": "cnn"}, "Butler": {"main": "cnn", "min": "cnn", "max": "cnn"}, "Carroll": {"main": "cnn", "min": "nyt", "max": "cnn"}, "Champaign": {"main": "cnn", "min": "nyt", "max": "cnn"}, "Clark": {"main": "cnn", "min": "cnn", "max": "cnn"}, "Clermont": {"main": "cnn", "min": "cnn", "max": "cnn"}, "Clinton": {"main": "cnn", "min": "cnn", "max": "cnn"}, "Columbiana": {"main": "cnn", "min": "cnn", "max": "cnn"}, "Coshocton": {"main": "cnn", "min": "cnn", "max": "cnn"}, "Crawford": {"main": "cnn", "min": "cnn", "max": "cnn"}, "Cuyahoga": {"main": "cnn", "min": "cnn", "max": "cnn"}, "Darke": {"main": "cnn", "min": "nyt", "max": "cnn"}, "Defiance": {"main": "cnn", "min": "nyt", "max": "cnn"}, "Delaware": {"main": "cnn", "min": "nyt", "max": "cnn"}, "Erie": {"main": "cnn", "min": "cnn", "max": "nyt"}, "Fairfield": {"main": "cnn", "min": "nyt", "max": "cnn"}, "Fayette": {"main": "cnn", "min": "nyt", "max": "cnn"}, "Franklin": {"main": "cnn", "min": "cnn", "max": "cnn"}, "Fulton": {"main": "cnn", "min": "nyt", "max": "cnn"}, "Gallia": {"main": "cnn", "min": "nyt", "max": "cnn"}, "Geauga": {"main": "cnn", "min": "cnn", "max": "nyt"}, "Greene": {"main": "cnn", "min": "nyt", "max": "cnn"}, "Guernsey": {"main": "cnn", "min": "cnn", "max": "cnn"}, "Hamilton": {"main": "cnn", "min": "cnn", "max": "cnn"}, "Hancock": {"main": "cnn", "min": "cnn", "max": "cnn"}, "Hardin": {"main": "cnn", "min": "nyt", "max": "cnn"}, "Harrison": {"main": "cnn", "min": "cnn", "max": "cnn"}, "Henry": {"main": "cnn", "min": "cnn", "max": "cnn"}, "Highland": {"main": "cnn", "min": "nyt", "max": "cnn"}, "Hocking": {"main": "cnn", "min": "nyt", "max": "cnn"}, "Holmes": {"main": "cnn", "min": "nyt", "max": "cnn"}, "Huron": {"main": "cnn", "min": "nyt", "max": "cnn"}, "Jackson": {"main": "cnn", "min": "cnn", "max": "nyt"}, "Jefferson": {"main": "cnn", "min": "cnn", "max": "cnn"}, "Knox": {"main": "cnn", "min": "cnn", "max": "cnn"}, "Lake": {"main": "cnn", "min": "cnn", "max": "cnn"}, "Lawrence": {"main": "cnn", "min": "cnn", "max": "cnn"}, "Licking": {"main": "cnn", "min": "cnn", "max": "cnn"}, "Logan": {"main": "cnn", "min": "cnn", "max": "cnn"}, "Lorain": {"main": "cnn", "min": "cnn", "max": "nyt"}, "Lucas": {"main": "cnn", "min": "cnn", "max": "cnn"}, "Madison": {"main": "cnn", "min": "nyt", "max": "cnn"}, "Mahoning": {"main": "cnn", "min": "nyt", "max": "cnn"}, "Marion": {"main": "cnn", "min": "cnn", "max": "cnn"}, "Medina": {"main": "cnn", "min": "nyt", "max": "cnn"}, "Meigs": {"main": "cnn", "min": "cnn", "max": "nyt"}, "Mercer": {"main": "cnn", "min": "nyt", "max": "cnn"}, "Miami": {"main": "cnn", "min": "cnn", "max": "cnn"}, "Monroe": {"main": "cnn", "min": "cnn", "max": "cnn"}, "Montgomery": {"main": "cnn", "min": "cnn", "max": "cnn"}, "Morgan": {"main": "cnn", "min": "cnn", "max": "cnn"}, "Morrow": {"main": "cnn", "min": "nyt", "max": "cnn"}, "Muskingum": {"main": "cnn", "min": "nyt", "max": "cnn"}, "Noble": {"main": "cnn", "min": "cnn", "max": "cnn"}, "Ottawa": {"main": "cnn", "min": "cnn", "max": "cnn"}, "Paulding": {"main": "cnn", "min": "nyt", "max": "cnn"}, "Perry": {"main": "cnn", "min": "cnn", "max": "cnn"}, "Pickaway": {"main": "cnn", "min": "cnn", "max": "cnn"}, "Pike": {"main": "cnn", "min": "nyt", "max": "cnn"}, "Portage": {"main": "cnn", "min": "cnn", "max": "cnn"}, "Preble": {"main": "cnn", "min": "cnn", "max": "nyt"}, "Putnam": {"main": "cnn", "min": "cnn", "max": "cnn"}, "Richland": {"main": "cnn", "min": "cnn", "max": "cnn"}, "Ross": {"main": "cnn", "min": "cnn", "max": "cnn"}, "Sandusky": {"main": "cnn", "min": "nyt", "max": "cnn"}, "Scioto": {"main": "cnn", "min": "cnn", "max": "cnn"}, "Seneca": {"main": "cnn", "min": "nyt", "max": "cnn"}, "Shelby": {"main": "cnn", "min": "cnn", "max": "nyt"}, "Stark": {"main": "cnn", "min": "nyt", "max": "cnn"}, "Summit": {"main": "cnn", "min": "cnn", "max": "cnn"}, "Trumbull": {"main": "cnn", "min": "nyt", "max": "cnn"}, "Tuscarawas": {"main": "cnn", "min": "cnn", "max": "cnn"}, "Union": {"main": "cnn", "min": "nyt", "max": "cnn"}, "Van Wert": {"main": "cnn", "min": "nyt", "max": "cnn"}, "Vinton": {"main": "cnn", "min": "nyt", "max": "cnn"}, "Warren": {"main": "cnn", "min": "cnn", "max": "cnn"}, "Washington": {"main": "cnn", "min": "nyt", "max": "cnn"}, "Wayne": {"main": "cnn", "min": "cnn", "max": "cnn"}, "Williams": {"main": "cnn", "min": "cnn", "max": "cnn"}, "Wood": {"main": "cnn", "min": "cnn", "max": "cnn"}, "Wyandot": {"main": "cnn", "min": "nyt", "max": "cnn"}}}