{"2022-07-31T01:53:15-05:00": {"0": {"county_name": "Total", "Masters": 0, "Lamon": 0, "Brnovich": 0, "total": 0}, "1": {"county_name": "Apache", "Masters": 0, "Lamon": 0, "Brnovich": 0, "total": 0}, "2": {"county_name": "Cochise", "Masters": 0, "Lamon": 0, "Brnovich": 0, "total": 0}, "3": {"county_name": "Coconino", "Masters": 0, "Lamon": 0, "Brnovich": 0, "total": 0}, "4": {"county_name": "Gila", "Masters": 0, "Lamon": 0, "Brnovich": 0, "total": 0}, "5": {"county_name": "Graham", "Masters": 0, "Lamon": 0, "Brnovich": 0, "total": 0}, "6": {"county_name": "Greenlee", "Masters": 0, "Lamon": 0, "Brnovich": 0, "total": 0}, "7": {"county_name": "La Paz", "Masters": 0, "Lamon": 0, "Brnovich": 0, "total": 0}, "8": {"county_name": "Maricopa", "Masters": 0, "Lamon": 0, "Brnovich": 0, "total": 0}, "9": {"county_name": "Mohave", "Masters": 0, "Lamon": 0, "Brnovich": 0, "total": 0}, "10": {"county_name": "Navajo", "Masters": 0, "Lamon": 0, "Brnovich": 0, "total": 0}, "11": {"county_name": "Pima", "Masters": 0, "Lamon": 0, "Brnovich": 0, "total": 0}, "12": {"county_name": "Pinal", "Masters": 0, "Lamon": 0, "Brnovich": 0, "total": 0}, "13": {"county_name": "Santa Cruz", "Masters": 0, "Lamon": 0, "Brnovich": 0, "total": 0}, "14": {"county_name": "Yavapai", "Masters": 0, "Lamon": 0, "Brnovich": 0, "total": 0}, "15": {"county_name": "Yuma", "Masters": 0, "Lamon": 0, "Brnovich": 0, "total": 0}}}