{"2022-08-02T10:26:27-05:00": {"0": {"county_name": "Total", "Kent": 0, "Herrera Beutler": 0, "Perez": 0, "total": 0}, "1": {"county_name": "Clark", "Kent": 0, "Herrera Beutler": 0, "Perez": 0, "total": 0}, "2": {"county_name": "Cowlitz", "Kent": 0, "Herrera Beutler": 0, "Perez": 0, "total": 0}, "3": {"county_name": "Lewis", "Kent": 0, "Herrera Beutler": 0, "Perez": 0, "total": 0}, "4": {"county_name": "Pacific", "Kent": 0, "Herrera Beutler": 0, "Perez": 0, "total": 0}, "5": {"county_name": "Skamania", "Kent": 0, "Herrera Beutler": 0, "Perez": 0, "total": 0}, "6": {"county_name": "Thurston", "Kent": 0, "Herrera Beutler": 0, "Perez": 0, "total": 0}, "7": {"county_name": "Wahkiakum", "Kent": 0, "Herrera Beutler": 0, "Perez": 0, "total": 0}}}